--
-- Dumping data for table `accounts_customuser`
--

INSERT INTO `accounts_customuser` (`id`, `password`, `last_login`, `is_superuser`, `username`, `first_name`, `last_name`, `email`, `is_staff`, `is_active`, `date_joined`, `address`, `phone_number`, `birthdate`, `avatar`, `updated_at`, `gender_id`) VALUES
(1, 'pbkdf2_sha256$390000$SE146dKXFnIGts03hQmW1J$doyd+gZ4XL9ykVT+P6pfGoAH/dNHl6wEC6yqPVPktro=', '2022-11-29 15:52:11.720002', 1, 'admin', '', '', 'admin@gmail.com', 1, 1, '2022-11-12 17:13:48.000000', '', '+84 98 940 39 13', NULL, '', '2022-11-12 17:48:06.049052', NULL),
(2, 'pbkdf2_sha256$390000$dMFE6bQ9w4BVVIAetfo5fR$5vyEGPka4j4IaHOpdWlgjfZ0hn2oSkRksVhtJBusE4Q=', NULL, 0, 'PGSduyhung', 'Hưng', 'Nguyễn Duy', '', 0, 1, '2022-11-13 01:56:09.000000', '', '+84 98 940 39 13', NULL, 'avatars_user/114430-bshung.jpg', '2022-11-30 04:05:32.850413', NULL),
(3, 'pbkdf2_sha256$390000$WCEqDh9XFbkcT8JMJJ8BoO$khzQ66itWer3aNHrQib55ey8qUD55BcwBiu3xYNQlYU=', NULL, 0, 'PGShoaian', 'An', 'Nguyễn Thị Hoài', '', 0, 1, '2022-11-13 02:06:56.000000', '', '', NULL, 'avatars_user/090559-pgs-nguyen-thi-hoai-an.jpg', '2022-11-30 04:05:52.441956', NULL),
(4, 'pbkdf2_sha256$390000$EX6thZ6Xn9noWOIU8z4bSn$g/nne2iALe9eheXKf9qKAYk+aovrgQUuaZIVw49HrTU=', NULL, 0, 'TSdinhthi', 'Thi', 'Đào Đình', '', 0, 1, '2022-11-13 02:08:32.000000', '', '', NULL, 'avatars_user/115950bs-dao-dinh-thi.jpg', '2022-11-30 04:06:52.398375', NULL),
(5, 'pbkdf2_sha256$390000$YufL6qUIVGdgc0F6aJ8dWO$Dw5bwmw2X1lKWfXB9n6uvB4Eo+z7rDBsyTpgvNMPykw=', NULL, 0, 'PGShuubinh', 'Bình', 'Trần Hữu', '', 0, 1, '2022-11-13 02:09:25.000000', '', '', NULL, 'avatars_user/142313-bs-tran-huu-binh.jpg', '2022-11-30 04:06:21.897522', NULL),
(6, 'pbkdf2_sha256$390000$My7ib8OnOqusNGUd5VeOsJ$kusAc9BweUaI8Ql5un83w1kR3cS1uUpN9HlwMvWM5v8=', NULL, 0, 'TSthaiha', 'Hà', 'Vũ Thái', '', 0, 1, '2022-11-13 02:12:04.000000', '', '', NULL, 'avatars_user/180640bac-si-vu-thai-ha.jpg', '2022-11-30 04:07:12.114975', NULL),
(7, 'pbkdf2_sha256$390000$dxFVZvOAvwRR32Hoz94SdE$TiG16uqKGx1B5kjmSGs0OAJyp/AP3QCUPeFWi4fXr/4=', NULL, 0, 'GSvanquyet', 'Quyết', 'Hà Văn', '', 0, 1, '2022-11-13 02:12:30.000000', '', '', NULL, 'avatars_user/155650-gs-ha-van-quyet.jpg', '2022-11-30 04:05:09.992534', NULL),
(8, 'pbkdf2_sha256$390000$7xOwa1YUMognx8qVIoepbI$9lqEFuZZfgcoIe69HEVlEuNxBf/VQ83qEzT0hNi7RC8=', NULL, 0, 'BShoaihuong', 'Hương', 'Trần Thị Hoài', '', 0, 1, '2022-11-13 02:12:58.000000', '', '', NULL, 'avatars_user/160049-bs-hoai-huong.jpg', '2022-11-30 04:03:49.912387', NULL),
(9, 'pbkdf2_sha256$390000$gUprp9e17swyXfac7MaHeM$eE0ZZLdFl71mRuMOcyKiMRL69bvcMmy1ncKqEvu1rTI=', NULL, 0, 'GSngocan', 'Ân', 'Trần Ngọc', '', 0, 1, '2022-11-13 02:13:20.000000', '', '', NULL, 'avatars_user/151800292142135730131997187173031663525568184320n.jpg', '2022-11-30 04:04:20.345109', NULL),
(10, 'pbkdf2_sha256$390000$BtUXSieHkbLTiCfjlYnyGZ$Qnup2WvphhJRxZu8RJFBDtk0svHNqhv/1F1lpTRBewg=', NULL, 0, 'benhnhan1', '', '', '', 0, 1, '2022-11-13 02:16:35.000000', '', '', NULL, 'avatars_user/anh_the.jpg', '2022-11-13 02:16:44.938273', NULL);

-- --------------------------------------------------------

--
-- Dumping data for table `auth_group`
--

INSERT INTO `auth_group` (`id`, `name`) VALUES
(1, 'Doctor'),
(2, 'Patient');

-- --------------------------------------------------------

INSERT INTO `accounts_customuser_groups` (`id`, `customuser_id`, `group_id`) VALUES
(1, 2, 1),
(5, 3, 1),
(7, 4, 1),
(6, 5, 1),
(8, 6, 1),
(4, 7, 1),
(2, 8, 1),
(3, 9, 1),
(9, 10, 2);

-- --------------------------------------------------------

--
-- Dumping data for table `all_codes`
--

INSERT INTO `all_codes` (`id`, `type`, `value`) VALUES
(1, 'Time_slot', '7:30 - 8:30'),
(2, 'Time_slot', '8:30 - 9:30'),
(3, 'Time_slot', '9:30 - 10:30'),
(4, 'Time_slot', '10:30 - 11:30'),
(5, 'Time_slot', '13:00  - 14:00'),
(6, 'Time_slot', '14:00  - 15:00'),
(7, 'Time_slot', '15:00  - 16:00'),
(8, 'Time_slot', '15:00  - 16:00'),
(9, 'Time_slot', '16:00  - 17:00'),
(10, 'Status', 'Thanh toán thành công'),
(11, 'Status', 'Thanh toán thất bại'),
(12, 'Status', 'Chưa thanh toán'),
(13, 'Status', 'Chờ tiếp nhận'),
(14, 'Status', 'Chờ khám'),
(15, 'Status', 'Đã khám'),
(16, 'Status', 'Bị huỷ'),
(17, 'Gender', 'Nam'),
(18, 'Gender', 'Nữ'),
(19, 'Gender', 'Khác'),
(20, 'Degree', 'Bác sĩ'),
(21, 'Degree', 'Thạc sĩ'),
(22, 'Degree', 'Tiến sĩ'),
(23, 'Degree', 'Phó Giáo sư'),
(24, 'Degree', 'Giáo sư'),
(25, 'Method', 'Cash'),
(26, 'Method', 'Momo'),
(27, 'Method', 'Visa'),
(28, 'Method', 'ATM');

-- --------------------------------------------------------

--
-- Dumping data for table `clinics`
--

INSERT INTO `clinics` (`id`, `name`, `address`, `description`, `avatar`, `Cover_photo`, `created_at`, `updated_at`) VALUES
(1, 'Bệnh viện Hữu nghị Việt Đức', 'Số 16-18 Phủ Doãn - Hoàn Kiếm - Hà Nội', '## GIỚI THIỆU\r\n\r\n----------\r\n\r\n**Địa chỉ:**  Bệnh viện có nhiều cổng, bệnh nhân đến khám sẽ đến cổng: \r\n\r\n* Số 16 - 18 Phủ Doãn, Hoàn Kiếm, Hà Nội\r\n\r\n**Thời gian làm việc:** Thứ 2 đến thứ 7\r\n\r\n* Sáng: 7h00 - 12h00\r\n* Chiều: 13h30 - 16h30\r\n\r\nBệnh viện Việt Đức là một trong 5 bệnh viện tuyến Trung ương, hạng đặc biệt của Việt Nam. Bệnh viện có lịch sử trên 100 năm, bề dày truyền thống danh tiếng, là cái nôi của ngành ngoại khoa Việt Nam gắn liền với những thành tựu Y học quan trọng của đất nước. \r\n\r\nViệt Đức là địa chỉ uy tín hàng đầu về ngoại khoa, tiến hành khám bệnh, chữa bệnh và thực hiện các kỹ thuật chụp chiếu, xét nghiệm, thăm dò chức năng cơ bản và chuyên sâu hàng ngày cho người dân. \r\n\r\nBệnh viện có đội ngũ y bác sĩ hùng hậu, nhiều người kiêm là cán bộ giảng dạy tại Đại học Y khoa Hà Nội hoặc Khoa Y Dược - Đại học Quốc gia Hà Nội. Trong số họ nhiều người là chuyên gia đầu ngành và bác sĩ giàu kinh nghiệm ở các chuyên khoa khác nhau. \r\n\r\n**Lưu ý quan trọng**\r\n\r\n* Bệnh viện có nhiều khu khám bệnh, do đó để thuận tiện và tiết kiệm thời gian khi đi khám, người bệnh nên tìm hiểu kĩ về vị trí khu khám bệnh của mình trước khi đi khám.\r\n* Bệnh viện Hữu nghị Việt Đức là bệnh viện chuyên về Ngoại khoa, vì vậy, lịch các bác sĩ thường linh động và ưu tiên khám cho các ca cấp cứu.\r\n* Người bệnh nên chủ động chuẩn bị một số câu hỏi liên quan đến tình trạng của mình trước khi đi khám để hành trình khám bệnh được hiệu quả hơn.\r\n\r\n**Chi phí khám**\r\n\r\nNgười bệnh có thể lựa chọn một trong các gói khám sau:\r\n\r\n1. Gói 1:\r\n    * Khám Giáo sư, Phó Giáo sư, Tiến sĩ, Bác sĩ Chuyên khoa II - Chi phí 500.000 đồng/lần khám\r\n    * Khám với bác sĩ Trưởng khoa hoặc Phó khoa - Chi phí 500.000 đồng/lần khám\r\n2. Gói 2:\r\n    * Khám Thạc sĩ, Bác sĩ Chuyên khoa I - Chi phí: 300.000 đồng/lần khám\r\n\r\n## THẾ MẠNH CHUYÊN MÔN\r\n\r\n----------\r\n\r\nBệnh viện Việt Đức là bệnh viện chuyên khoa Ngoại (phẫu thuật),có thế mạnh về khám, điều trị và Phẫu thuật nhiều chuyên khoa. Một số thế mạnh của Bệnh viện Việt Đức là:\r\n\r\n* Khám, điều trị, phẫu thuật về Thần kinh\r\n* Khám, điều trị, phẫu thuật về Cơ xương khớp\r\n* Khám, điều trị, phẫu thuật về Cột sống\r\n* Khám, điều trị, phẫu thuật về Tiêu hóa\r\n* Khám, điều trị, phẫu thuật về Gan mật\r\n* Khám, điều trị, phẫu thuật về Nam học\r\n\r\nLà bệnh viện đi đầu về Phẫu thuật ở nước ta, các bác sĩ đã thực hiện thành công rất nhiều ca phẫu thuật khó.\r\n\r\n* **Phẫu thuật tim mạch:** Mổ tim mở được tiến hành thường quy, tiến hành các kỹ thuật tim mạch khó, thay van tim, kỹ thuật Bentall, bắc cầu mạch vành, mổ nối mạch ở tim đang đập.\r\n* **Phẫu thuật Thần kinh:** Mổ chấn thương sọ não, bệnh ở não - tuỷ sống, mổ u tuyến yên qua xoang bướm, mổ u thần kinh VIII qua mê nhĩ có sử dụng dao siêu âm.\r\n* **Phẫu thuật Nội soi và nội soi can thiệp:** Các loại phẫu thuật nội soi ổ bụng cắt túi mật, cắt u tuyến thượng thận, cắt dây thần kinh X, u nang buồng trứng, cắt lách, cắt ruột thừa bằng nội soi an toàn, tai biến ít, giảm ngày điều trị, phục hồi sau mổ nhanh.\r\n* **Phẫu thuật gan mật tuỵ:** Cắt gan các loại do ung thư, bệnh gan mật và chấn thương; Các phẫu thuật về biến chứng chảy máu do xơ gan - tǎng áp lực tĩnh mạch cửa \r\n* **Phẫu thuật Chấn thương chỉnh hình:** Các loại chấn thương, thay khớp háng một bên hay toàn bộ, nội soi khớp.\r\n* **Phẫu thuật tiêu hoá:** Các kỹ thuật khó phức tạp như cắt bỏ và tạo hình thực quản, cắt khối tá tuỵ, cắt toàn bộ dạ dày, cắt đại tràng các loại.\r\n\r\n**Cụ thể, bệnh viện nhận khám các vấn đề về:**\r\n\r\n* Bệnh lý thần kinh\r\n* Nội - Hồi sức thần kinh\r\n* Bệnh tim mạch và lồng ngực\r\n* Phẫu thuật tim mạch - lồng ngực\r\n* Ngoại nhi và trẻ sơ sinh\r\n* Bệnh lý tiêu hóa\r\n* Phẫu thuật tiêu hóa\r\n* Bệnh cột sống/thoát vị đĩa đệm\r\n* Chi trên và y học  thể thao\r\n* Bệnh lý chi dưới\r\n* Khám xương và điều trị ngoại trú\r\n* Phẫu thuật chấn thương chung\r\n* Phẫu thuật tạo hình - hàm mặt - thẩm mỹ\r\n* Phục hồi chức năng\r\n* Nhiễm khuẩn\r\n* Phẫu thuật nhiễm khuẩn\r\n* Bệnh đường tiết niệu\r\n* Bệnh nam học/nam khoa\r\n* Bệnh lý gan mật\r\n* Ung bướu\r\n* Thận lọc máu\r\n* Bệnh lý hậu môn trực tràng\r\n* Trung tâm ghép tạng\r\n* Phòng khám Tai mũi họng\r\n\r\n## TRANG THIẾT BỊ\r\n\r\n----------\r\n\r\nBệnh viện Việt Đức được trang bị hầu hết các trang thiêt bị hiện đại hàng đầu hiện nay phục vụ trong chẩn đoán và thực hiện các xét nghiệm cơ bản, xét nghiệm kỹ thuật cao như các xét nghiệm theo dõi bệnh nhân ghép tạng, các xét nghiệm chỉ điểm khối u.\r\n\r\n* Xquang số hóa\r\n* Máy siêu âm\r\n* Máy chụp cắt lớp vi tính đa dãy CT Scan\r\n* Máy chụp cộng hưởng từ MRI 3.0 Tesla\r\n* Hệ thống chụp mạch máy chuyên dụng\r\n* Hệ thống PET/CT phát hiện ung thư sớm và đánh giá các bệnh lý tim mạch, thần kinh\r\n* Hệ thống máy sinh hóa miễn dịch tự động, máy sinh hóa tự động, máy xét nghiệm huyết học, xét nghiệm đông máu tự động…\r\n\r\nCác thiết bị thăm dò chức năng hỗ trợ thăm khám và thực hiện các thủ thuật nội soi tiêu hóa - gan mật.\r\n\r\n* Nội soi thực quản - dạ dày - tá tràng chẩn đoán\r\n* Nội soi đại trực tràng chẩn đoán\r\n* Nội soi đường mật - tụy ngược dòng ERCP\r\n* Siêu âm nội soi chẩn đoán bệnh lý thuộc cơ quan tiêu hóa, chọc hút tế bào\r\n* Nội soi can thiệp, nong hẹp đường tiêu hóa\r\n* Nội soi đặt stent khí quản, đặt sonde tá tràng\r\n* Nội soi can thiệp đại tràng.\r\n\r\n## VỊ TRÍ\r\n\r\n----------\r\n\r\nCác trang web khác ghi địa chỉ Bệnh viện Việt Đức ở 40 Tràng Thi, đây là cổng chính nhưng thông thường chỉ dành cho những công việc giấy tờ, hành chính. Bệnh nhân đến khám sẽ đi các cổng phụ trên đường Phủ Doãn. \r\n\r\nTrên đường Phủ Doãn có 3 cổng và đường Tràng Thi có 1 cổng chính. Người bệnh nên đi đúng cổng như chỉ dẫn để đi đến phòng khám dễ dàng, nhanh chóng nhất.\r\n![133335so-do-benh-vien-viet-duc.jpg](/media/markdown/ff4ddc4af2-133335so-do-benh-vien-viet-duc.jpg)\r\n\r\n## QUY TRÌNH KHÁM\r\n\r\n----------\r\n\r\nDưới đây là Hướng dẫn làm thủ tục ưu tiên cho người bệnh đặt khám qua BookingCare tại Bệnh viện Hữu nghị Việt Đức.\r\n![095133-quy-trinh-kham-khu-c4.png](/media/markdown/c782645c6a-095133-quy-trinh-kham-khu-c4.png) \r\n\r\n**CỤ THỂ:**\r\n\r\n1. Bạn đến cổng số 16-18 Phủ Doãn\r\nVề nơi gửi xe:\r\n    * Xe máy gửi tại bãi đỗ xe trước cửa bệnh viện (có nhân viên bảo vệ hướng dẫn).\r\n    * Xe ô tô: Hiện tại Bệnh viện chưa có chỗ gửi xe ô tô riêng biệt, xe ô tô bạn có thể gửi tại Cung Văn hóa Hữu nghị Việt Xô, cách bệnh viện khoảng 500m. Nếu được, bạn nên đi taxi để thuận tiện hơn.\r\n\r\n    ![114926cong--so--1-benh-vien-viet-duc.jpg](/media/markdown/dd0470fab7-114926cong--so--1-benh-vien-viet-duc.jpg) \r\n\r\n2. Bạn đến Tòa nhà C4: Tòa nhà thứ 2 bên tay trái từ cổng vào số 16-18 Phủ Doãn.\r\n\r\n    ![160715-c4-bv-viet-duc.jpg](/media/markdown/e2e30f704e-160715-c4-bv-viet-duc.jpg) \r\n\r\n3. Vào tầng 1, xếp hàng ở KHU VỰC ƯU TIÊN DÀNH CHO BỆNH NHÂN KHÁM THEO YÊU CẦU để lấy số ưu tiên nhanh nhất (xem thêm hình dưới).\r\n\r\n    ![154540-c4-quay-uu-tien.jpg](/media/markdown/31ee30defc-154540-c4-quay-uu-tien.jpg) \r\n    \r\n    * Đến **quầy số 01**, khi đến lượt vào báo đã Đặt lịch khám qua BOOKINGCARE (phiếu khám đã được in sẵn, người bệnh KHÔNG cần khai báo thêm).\r\n    \r\n    ![162248-quay-dang-ki-uu-tien-1.jpg](/media/markdown/ac74f8a4de-162248-quay-dang-ki-uu-tien-1.jpg) \r\n\r\n4. Bạn sẽ nhận được phiếu khám **có dán tem ưu tiên**\r\n\r\n    ![145644-kham-uu-tien-benh-vien-viet-duc.jpg](/media/markdown/8081de283f-145644-kham-uu-tien-benh-vien-viet-duc.jpg) \r\n    \r\n5. Bạn vào thẳng phòng khám, nộp phiếu khám, sổ khám bệnh, đọc tên bác sĩ đã đặt hẹn, và báo đã đặt khám qua BookingCare cho nhân viên điều dưỡng tại phòng để được ưu tiên khám.', 'avatars_clinic/083122lo-go-viet-duc.jpg', 'cover_photos_clinic/114348-bv-viet-duc.jpg', '2022-11-13 02:32:45.797937', '2022-11-20 03:46:23.124487'),
(2, 'Bệnh viện Chợ Rẫy', '201B Nguyễn Chí Thanh, Phường 12, Quận 5, Hồ Chí Minh', '## GIỚI THIỆU\r\n\r\n----------\r\n\r\nBệnh viện Chợ Rẫy với lịch sử thành lập trên 100 năm, là bệnh viện hạng đặc biệt tuyến Trung ương lớn nhất cả nước với trên 1.800 giường và trên 3.000 kỹ thuật y tế được thực hiện. Hàng ngày Bệnh viện Chợ Rẫy tiếp nhận trung bình 6,000 -  8,000 bệnh nhân đến khám.\r\n\r\nBệnh viện Chợ Rẫy là bệnh viện đa khoa hoàn chỉnh, xếp hạng đặc biệt, tuyến kỹ thuật sau cùng các tỉnh thành phía Nam, trực thuộc Bộ Y tế. Thế mạnh nổi bật tại Bệnh viện Chợ Rẫy là sự kết hợp giữa các chuyên khoa mang lại hiệu quả tốt nhất trong việc chẩn đoán và điều trị cho người bệnh.\r\n\r\n**Địa chỉ bệnh viện:**\r\n201B Nguyễn Chí Thanh, Phường 12, Quận 5, Hồ Chí Minh\r\n\r\n**Thời gian làm việc:**\r\nBệnh viện làm việc, tiếp nhận khám bệnh cho bệnh nhân ngoại trú từ thứ 2 đến thứ 7 hàng tuần:\r\n\r\n* Thứ 2 đến thứ 6: từ 7h – 16h\r\n* Thứ 7: từ 7h – 11h\r\n\r\n**Sơ đồ Bệnh viện Chợ Rẫy**\r\n \r\n![160246-so-do-bv-rut-gon.jpg](/media/markdown/ec8baa082f-160246-so-do-bv-rut-gon.jpg) \r\n_Sơ đồ bệnh viện Chợ Rẫy hướng nhìn từ Công số 01_\r\n\r\n## THẾ MẠNH CHUYÊN MÔN\r\n\r\n----------\r\n\r\n**Bệnh viện có 05 Trung tâm**\r\n\r\n1. Trung tâm Ung bướu Chợ Rẫy.\r\n2. Trung tâm Đào tạo – Chỉ đạo tuyến.\r\n3. Trung tâm Thông tin thuốc và theo dõi phản ứng thuốc có hại của thuốc khu vực Thành phố HCM.\r\n4. Trung tâm Truyền máu Chợ Rẫy.\r\n5. Trung tâm Tim mạch.\r\n\r\n**38 Khoa Lâm sàng**\r\n\r\n> **04 Khoa khám bệnh ngoại trú:**\r\n\r\n1. Khoa Khám bệnh I\r\n2. Khoa Khám bệnh II\r\n3. Khoa Chăm sóc sức khỏe theo yêu cầu.\r\n4. Khoa Khám xuất cảnh.\r\n\r\n> **34 Khoa lâm sàng.**\r\n\r\n1. Khoa Phẫu thuật – gây mê hồi sức.\r\n2. Khoa Hồi sức – phẫu thuật tim.\r\n3. Khoa Phẫu thuật mạch máu.\r\n4. Khoa Hồi sức cấp cứu.\r\n5. Khoa Hồi sức ngoại thần kinh.\r\n6. Khoa Chấn thương sọ não.\r\n7. Khoa Ngoại thần kinh (3B1,3B3, Đơn vị Gamma knife).\r\n8. Khoa Ngoại Tiêu hóa.\r\n9. Khoa Gan Mật Tụy.\r\n10. Khoa Ngoại Tiết Niệu.\r\n11. Khoa Chấn thương chỉnh hình.\r\n12. Khoa Tai Mũi họng.\r\n13. Khoa Tạo hình thẩm mỹ.\r\n14. Khoa Mắt.\r\n15. Khoa Ngoại lồng ngực.\r\n16. Khoa Nội tim mạch.\r\n17. Khoa Tim mạch can thiệp và Đơn vị Nhịp học.\r\n18. Khoa Nội phổi.\r\n19. Khoa Nội thận.\r\n20. Khoa Nội tiêu hóa.\r\n21. Khoa Nội thần kinh và Đơn vị Thăm dò chức năng thần kinh.\r\n22. Khoa Nội tổng quát (Lầu 9B1).\r\n23. Khoa Nội tổng quát – quốc tế (Lầu 10B1).\r\n24. Khoa Nội tổng quát (Lầu 10B3).\r\n25. Khoa Điều trị theo yêu cầu (T6).\r\n26. Khoa Bệnh nhiệt đới và Đơn vị Chống độc.\r\n27. Khoa Nghiên cứu & điều trị viêm gan.\r\n28. Khoa Phỏng – tạo hình.\r\n29. Khoa Nội tiết và Đơn vị Bàn chân đái tháo đường.\r\n30. Khoa Nội cơ xương khớp.\r\n31. Khoa Huyết học lâm sàng - Bộ phận Xét nghiệm huyết học và Đơn vị Điều trị trong ngày.\r\n32. Khoa Cấp cứu.\r\n33. Khoa Thận nhân tạo.\r\n34. Khoa Vật lý trị liệu.\r\n\r\n**Bệnh viện Chợ Rẫy tổ chức khám và điều trị hầu hết các bệnh lý bằng nội khoa, ngoại khoa, can thiệp,...**\r\n\r\n* Bệnh Thần kinh\r\n* Bệnh Cơ xương khớp\r\n* Bệnh tiêu hóa\r\n* Tim mạch\r\n* Phổi\r\n* Thận\r\n* Gan mật\r\n* Thận - Tiết niệu\r\n* Tai Mũi Họng\r\n* Chấn thương chỉnh hình\r\n* Mắt\r\n* Bệnh truyền nhiễm\r\n* Nội tiết\r\n\r\n## QUY TRÌNH ĐI KHÁM\r\n\r\n----------\r\n\r\nBước 1. Đặt khám qua Nền tảng BookingCare\r\n\r\n* Chọn \"Bệnh viện Chợ Rẫy\"\r\n* Chọn chuyên khoa khám\r\n* Đặt khám & làm theo hướng dẫn\r\n\r\nBước 2. Đến quầy tiếp nhận tại Khoa khám bệnh\r\n\r\n* Đến tầng trệt nhà A, trước giờ hẹn ít nhất 15 phút (Khoa khám bệnh, Cổng số 01 - Số 201B Nguyễn Chí Thanh) \r\n* Vào \"Khu nhận bệnh\" (tầng trệt, nhà A) để được hướng dẫn\r\n\r\nBước 3. Vào phòng khám gặp bác sĩ khám\r\n\r\n* Lên lầu 1 Khoa khám bệnh (tầng trên, Nhà A)\r\n* Chờ đến lượt, vào phòng khám đã đăng ký gặp bác sĩ khám\r\n\r\n![164236-khu-nhan-benh--huong-dan.jpg](/media/markdown/3afb9da438-164236-khu-nhan-benh--huong-dan.jpg) \r\n_Khu nhận bệnh nhân - Khoa khám bệnh Bệnh viện Chợ Rẫy_\r\n\r\n## GIÁ KHÁM BỆNH\r\n\r\n----------\r\n\r\n**Chi phí khám thường:**\r\n\r\n* Bệnh nhân không có BHYT: Đóng 38.700 VNĐ/ lượt khám\r\n* Chi phí khám tại Bệnh viện theo qui định chung của Bộ Y tế\r\n\r\n**Một số giấy tờ nên mang theo khi đi khám:**\r\n\r\n* Thẻ bảo hiểm y tế còn hạn sử dụng\r\n* Chứng minh thư nhân dân hoặc giấy khai sinh (trẻ em)\r\n* Giấy chuyển viện đến Bệnh viện Chợ Rẫy (nếu có)', 'avatars_clinic/152704logo-bvcr-moi.jpg', 'cover_photos_clinic/095119-benh-vien-cho-ray-h1.jpg', '2022-11-13 02:33:41.750682', '2022-11-20 04:15:21.360352'),
(3, 'Phòng khám Bệnh viện Đại học Y Dược 1', '20-22 Dương Quang Trung, Phường 12, Quận 10, Tp. HCM', '## GIỚI THIỆU\r\n\r\n----------\r\n\r\n**Địa chỉ:** 20-22 Dương Quang Trung, Phường 12, Quận 10, Tp. Hồ Chí Minh\r\n\r\n**Thời gian làm việc:**\r\n\r\n* Thứ 2 tới thứ 6: 07h30 - 16h30\r\n* Thứ 7: 07h30 - 12h00\r\n\r\nPhòng Khám Bệnh viện Đại học Y Dược 1 là Phòng Khám đầu tiên được thành lập theo mô hình hợp tác công - tư. Đây là phòng khám đa khoa, thuộc hệ thống các cơ sở của Bệnh viện Đại học Y Dược TP.HCM.\r\n\r\nCác bác sĩ tại Phòng khám Bệnh viện Đại học Y Dược 1 chủ yếu là đã và đang công tác trong chính Bệnh viện Đại học Y Dược TP.HCM, Bệnh viện Chợ Rẫy, bác sĩ tại Bệnh viện Nhân Dân 115 và một số bệnh viện tên tuổi khác.\r\n\r\n**Lưu ý quan trọng:**\r\n\r\n* Người bệnh nên chú ý địa chỉ phòng khám (vì có những người nhầm với địa chỉ Bệnh viện Đại học Y Dược TP.HCM cơ sở 1). Bệnh viện Đại học Y Dược TP.HCM cơ sở 1 và Phòng khám Bệnh viện Đại học Y Dược 1 là khác nhau, địa chỉ cũng tách rời nhau. \r\n* Khi đi khám, muộn nhất 15h45 (thứ 2 - thứ 6) và 11h15 (thứ 7) người bệnh phải có mặt ở phòng khám. Nếu được nên đi khám trước 2-3 tiếng thời gian kết thúc để có thể làm xét nghiệm, chụp chiếu xong.\r\n\r\n## THẾ MẠNH CHUYÊN MÔN\r\n\r\n----------\r\n\r\nPhòng khám Bệnh viện Đại học Y Dược 1 là phòng khám đa khoa, chuyên về Nội khoa. Một số chuyên khoa thế mạnh của phòng khám có thể kể đến như:\r\n\r\n* Các gói khám sức khỏe định kỳ cho cá nhân và doanh nghiệp\r\n* Chẩn đoán hình ảnh: chụp Xquang, cộng hưởng từ MRI, cắt lớp vi tính CT-Scan, siêu âm tim, siêu âm. \r\n* Cơ Xương Khớp\r\n* Hô hấp & Dị ứng Miễn dịch\r\n* Nhi khoa\r\n* Nội Tiêu hóa - Viêm gan\r\n* Sản - Phụ khoa\r\n* Tai Mũi Họng\r\n* Tim mạch.\r\n\r\n## TRANG THIẾT BỊ\r\n\r\n----------\r\n\r\nPhòng Khám Bệnh viện Đại học Y Dược 1 TP.HCM được đầu tư cơ sở vật chất khang trang và trang thiết bị máy móc hiện đại của các thương hiệu hàng đầu thế giới như GE, Fuji, Olympus, Kart Stoz, Phillip,…:\r\n\r\n* Máy chụp cộng hưởng từ MRI 1.5\r\n* Máy chụp cắt lớp CT scanner 128\r\n* Máy X-Quang\r\n* Máy đo loãng xương\r\n* Máy siêu âm tim, siêu âm 4D\r\n* Hệ thống máy xét nghiệm\r\n* Máy nội soi tiêu hóa, nội soi tai mũi họng….\r\n\r\n![203238-thiet-bi-y-duoc-1.png](/media/markdown/586f414528-203238-thiet-bi-y-duoc-1.png)\r\n\r\n## VỊ TRÍ\r\n\r\n----------\r\n\r\nPhòng khám Bệnh viện Đại học Y Dược 1 gần với Bệnh viện Nhân dân 115.\r\n\r\n![105331-ban-do-pkdhyd1.png](/media/markdown/d9010f28b4-105331-ban-do-pkdhyd1.png) \r\n_Vị trí Phòng khám Bệnh viện Đại học Y Dược 1_\r\n\r\n## QUY TRÌNH ĐI KHÁM\r\n\r\n----------\r\n\r\nQuy trình khám dưới đây dành cho người bệnh đặt khám thông qua BookingCare:\r\n\r\n1. Bạn đến Phòng khám tại số 20-22 Dương Quang Trung, Phường 12, Quận 10, Tp. HCM (gần Bệnh viện Nhân dân 115).\r\n\r\n    * Xe máy và ô tô bạn gửi tại hầm để xe của bệnh viện (Gửi ở hầm B1, nếu hết chỗ thì gửi ở hầm B2)\r\n    \r\n    ![103515phong-kham-bvdhyd1.jpg](/media/markdown/8903ad3e2a-103515phong-kham-bvdhyd1.jpg) \r\n\r\n2. Bạn vào quầy lễ tân của phòng khám, vui lòng **báo đã đặt khám qua BookingCare** để được ưu tiên hỗ trợ.\r\n\r\n    ![103639quay-le-tan-pk-bvdhyd1.jpg](/media/markdown/e4543a43f9-103639quay-le-tan-pk-bvdhyd1.jpg) \r\n\r\n3. Sau khi làm thủ tục xong, bạn theo sự hướng dẫn của nhân viên phòng khám để gặp bác sĩ và làm các dịch vụ liên quan.', 'avatars_clinic/155206-logo-y-duoc-1.jpg', 'cover_photos_clinic/112414-pk-dhyd1.jpg', '2022-11-13 02:34:42.218336', '2022-11-20 05:10:31.178459'),
(4, 'Bệnh viện K - Cơ sở Phan Chu Trinh', '9A - 9B Phan Chu Trinh, Hoàn Kiếm, Hà Nội', '', 'avatars_clinic/174915-logo-bvk.jpg', 'cover_photos_clinic/114446-anh-bia-bvk.jpg', '2022-11-13 02:36:08.050592', '2022-11-13 02:36:08.050592'),
(5, 'Bệnh viện Ung bướu Hưng Việt', '34 Đại Cồ Việt, Hai Bà Trưng, Hà Nội', '## GIỚI THIỆU\r\n\r\n----------\r\n\r\n**Địa chỉ:** Số 34 Đường Đại Cồ Việt, Hai Bà Trưng, Hà Nội\r\n\r\n**Thời gian làm việc:** Tất cả các ngày trong tuần (kể cả ngày lễ Tết)\r\n\r\n* Buổi sáng: 07h00 - 12h00\r\n* Buổi chiều: 13h30 - 17h00\r\n\r\nBệnh viện Ung Bướu Hưng Việt là bệnh viện chuyên khoa Ung Bướu tư nhân đầu tiên tại Việt Nam. Bệnh viện được định hướng phát triển thành đơn vị chăm sóc sức khỏe toàn diện sánh ngang với các bệnh viện trong khu vực và quốc tế. \r\n\r\nMột trong những điểm mạnh giúp Bệnh viên Ung bướu Hưng Việt trở thành điểm sáng về khám chữa bệnh là đội ngũ y bác sĩ giỏi uy tín. Các bác sĩ trực tiếp thăm khám, phẫu thuật cho bệnh nhân đều là những chuyên gia đã đang làm việc tại các bệnh viện lớn như: Bệnh viện K Trung ương, Bệnh viện Bạch Mai, Bệnh viện Đại học Y Hà Nội, Bệnh viện Hữu nghị Việt Đức, Bệnh viên Quân đội 108,...\r\n\r\nBên cạnh đó, bệnh nhân có thể an tâm tới khám và điều trí nội trú, ngoại trú vì bệnh viện hệ thống cơ sở vật chất đầy đủ, tiên nghi đạt tiêu chuẩn tiên tiến song song với đó là trang thiết bị y tế hiện đại nhập khẩu từ Mỹ, Châu Âu.\r\n\r\n## THẾ MẠNH CHUYÊN MÔN\r\n\r\n----------\r\n\r\nBệnh viện có thế mạnh về khám chữa bệnh, kiểm tra sức khỏe định kỳ, khám sàng lọc phát hiện ung thư sớm; phẫu thuật các bệnh khối u và ung thư, điều trị hóa chất, tia xạ…về:\r\n\r\n* Tiêu hóa - Gan - Mật\r\n* Nội tiết\r\n* Tai - Mũi - Họng\r\n* Hô hấp\r\n* Tim mạch\r\n* Phụ khoa\r\n* Thần kinh cột sống\r\n* Tiết Niệu - Thận\r\n\r\n## TRANG THIẾT BỊ\r\n\r\n----------\r\n\r\nBệnh viện được trang bị nhiều máy móc, thiết bị hiện đại góp phần nâng cao chất lượng khám chữa bệnh như:\r\n\r\n* Máy siêu âm: Siêu âm màu 3D, 4D giúp chẩn đoán phát hiện các bệnh lý thận - tiết niệu, tiêu hóa, gan mật, cơ xương khớp…\r\n* Hệ thống chụp X-Quang kỹ thuật số\r\n* Chụp X-Quang hệ thống Xương - khớp\r\n* Tim phổi thẳng, nghiêng, X-Quang\r\n* Chụp phim Blondeau và Hirtz\r\n* X-Quang ổ bụng không chuẩn bị\r\n* X-Quang Dạ dày & Đại tràng có thuốc cản quang\r\n* Chụp dẫn lưu Kehr, đường dò tiêu hóa…\r\n* Chụp UIV (thận thuốc)\r\n* Máy CT - Scanner, MRI\r\n* Nội soi Tai Mũi Họng\r\n* Nội soi cổ tử cung\r\n* Nội soi dạ dày và đại tràng không đau\r\n* Máy xạ trị gia tốc: tăng khả năng tiêu diệt tế bào ung thư và giảm thời gian xạ trị ung thư hơn so với các thiết bị thông thường khác. Xạ trị gia tốc là một trong những máy xạ trị hiện đại nhất Việt Nam, là cơ hội giúp bệnh nhân chống lại nỗi đau ung thư.\r\n* Điện tim đồ\r\n\r\n![164243-0462d8151e35eb6bb224.jpg](/media/markdown/27553467bd-164243-0462d8151e35eb6bb224.jpg) \r\n\r\n## VỊ TRÍ\r\n\r\n----------\r\n\r\nBệnh viện Ung bướu Hưng Việt nằm ngay trên trục đường Đại Cồ Việt\r\n\r\n![143050-bv-hung-viet.png](/media/markdown/af05dae081-143050-bv-hung-viet.png) \r\n\r\n## QUY TRÌNH ĐI KHÁM\r\n\r\n----------\r\n\r\nDưới đây là **hướng dẫn đường đi và hướng dẫn làm thủ tục** cho khách hàng đặt khám qua BookingCare tại Bệnh viện Ung bướu Hưng Việt\r\n\r\n> **Quy trình đi khám tại Bệnh viện Ung bướu Hưng Việt dành cho bệnh nhân đăng ký qua BookingCare:**\r\n\r\n1. Bạn đến Bệnh viện Ung bướu Hưng Việt, **40 Đại Cồ Việt, Hai Bà Trưng, Hà Nội** (cơ sở phòng khám).\r\n\r\n    **Lưu ý nơi gửi xe:**\r\n    \r\n    * Xe máy: bạn có thể gửi tại tại trước cửa phòng khám\r\n    * Ô tô: Bạn có thể hỏi bảo vệ để được hướng dẫn chỗ gửi xe tại phố Hoa Lư (cách Bệnh viện 15m)\r\n\r\n2. Bạn vào quầy lễ tân tầng 1, báo đã đặt khám qua BookingCare và đưa mã QR (Mã trong hướng dẫn đi khám) cho nhân viên để được quét mã làm thủ tục khám.\r\n\r\n    ![163734-quya-dk-bv-hv.jpg](/media/markdown/ada532b772-163734-quya-dk-bv-hv.jpg)  \r\n    _Quầy đăng ký Bệnh viện Hưng Việt_', 'avatars_clinic/151320-benhvienhungviet1.png', 'cover_photos_clinic/095412-bv-hung-viet.jpg', '2022-11-13 02:37:02.736598', '2022-11-20 05:26:05.278187'),
(6, 'Phòng khám Đa khoa Saigon Healthcare', '45 Thành Thái, Phường 14, Quận 10, Thành phố Hồ Chí Minh', '', 'avatars_clinic/101707-logo-sg.png', 'cover_photos_clinic/101727-anh-sg-toan-dien-ben-ngoai.jpg', '2022-11-13 02:39:08.981482', '2022-11-13 02:39:08.982481'),
(7, 'Bệnh viện Nam học và Hiếm muộn Hà Nội', '431 Tam Trinh (Lô 01 – 8A),Hoàng Mai, Hà Nội', '', 'avatars_clinic/160343logo-nam-hoc-hn.jpg', 'cover_photos_clinic/145224-bn-nam-hoc-va-hiem-muon-hn.jpg', '2022-11-13 02:42:28.313839', '2022-11-13 02:42:28.313839'),
(8, 'Phòng khám Chuyên khoa Yên Hòa', 'số 11 i4, ngõ 37 Trần Kim Xuyến, khu Đô Thị Mới Yên Hoà, Yên Hoà, Cầu Giấy, Hà Nội', '', 'avatars_clinic/110910-logo-pk-yen-hoa.jpg', 'cover_photos_clinic/180758-yh.jpg', '2022-11-13 02:54:44.149572', '2022-11-13 02:54:44.149572'),
(9, 'Phòng khám Da liễu Táo Đỏ', '30/1A Ngô Thời Nhiệm, Phường 7, Quận 3, Thành phố Hồ Chí Minh', '', 'avatars_clinic/143813-logo-pk-tao-do.png', 'cover_photos_clinic/161001-anh-ben-ngoai-phong-kham-t-oo.jpg', '2022-11-13 02:55:55.590939', '2022-11-13 02:55:55.590939'),
(10, 'Phòng khám Da liễu và Thẩm mỹ Bác sĩ Thái Hà', 'Số 8 ngõ 26 Hoàng Cầu cũ (gần Ô Chợ Dừa),Đống Đa, Hà Nội', '', 'avatars_clinic/093307logo-pk-da-lieu-bs-thai-ha.jpg', 'cover_photos_clinic/093420cover-pk-da-lieu-bs-thai-ha.jpg', '2022-11-13 02:56:30.813844', '2022-11-13 02:56:30.814844'),
(11, 'Bệnh viện Đa khoa Hồng Phát', 'Số 219 Lê Duẩn - Hai Bà Trưng - Hà Nội', '## GIỚI THIỆU\r\n\r\n----------\r\n\r\n**Địa chỉ:** 219 Lê Duẩn, Hai Bà Trưng, Hà Nội\r\n\r\n**Thời gian làm việc: **\r\n\r\n* Thứ 2 đến Chủ Nhật\r\n* Từ 7h30 đến 17h00\r\n\r\nBệnh viện Đa khoa Hồng Phát được Bộ Y tế thẩm định và cấp phép hoạt động từ đầu năm 2007. Bệnh viện Đa khoa Hồng Phát hội tụ đội ngũ giáo sư, bác sĩ đầu ngành có chuyên môn cao và giàu kinh nghiệm. Hầu hết các y, bác sĩ đang làm việc tại đây đều là những người đã và đang công tác tại các bệnh viện lớn tuyến Trung ương như: Bệnh viện Bạch Mai, Bệnh viện Việt Đức, Bệnh viện E Hà Nội, Bệnh viện K, Bệnh viện TW Quân đội 108, Bệnh viện Phụ sản TW,…\r\n\r\n**Hình thức thanh toán:** Bệnh viện nhận thanh toán bằng tiền mặt và quẹt thẻ.\r\n\r\n## THẾ MẠNH CHUYÊN MÔN\r\n\r\n----------\r\n\r\n**Thế mạnh:** Bệnh viện có thế mạnh chuyên môn về khám và điều trị bệnh lý Nội Cơ Xương Khớp, Nội Thần Kinh với những chuyên gia đầu ngành trong lĩnh vực này như: Giáo sư, Tiến sĩ Trần Ngọc Ân, Phó Giáo sư, Tiến sĩ, Bác sĩ Nguyễn Văn Liệu,..\r\n\r\n**Khám và điều trị**\r\n\r\n> **Bệnh viện nhận khám và điều trị về:**\r\n\r\n* Nội cơ xương khớp\r\n* Nội thần kinh\r\n* Nội tiết, đái tháo đường, tim mạch – Nội chung\r\n* Chuyên khoa tiêu hóa – Hậu môn trực tràng\r\n* Sản phụ khoa\r\n* Da liễu\r\n* Mắt\r\n\r\n## TRANG THIẾT BỊ\r\n\r\n----------\r\n\r\nBệnh viện Đa khoa Hồng Phát sở hữu hệ thống cơ sở vật chất hiện đại và đồng bộ. Trang thiết bị tại Bệnh viện được nhập khẩu trực tiếp từ các nước Anh, Pháp, Mỹ, Thụy Sĩ,…\r\n\r\n* Máy đo loãng xương toàn thân Hologic Discovery Wi\r\n* Máy chụp CT Scanner hãng Siemens\r\n* Hệ thống máy siêu âm màu 4D của Nhật\r\n* Máy chụp X-Quang kỹ thuật số\r\n* Chụp Mamo vú kỹ thuật số DR nhằm đánh giá và phát hiện sớm ung thư vú\r\n* Chụp tử cung vòi trứng kỹ thuật số DR nhằm đánh giá lưu thông của vòi trứng tới buồng tử cung trong điều trị hiếm muộn\r\n* Máy chẩn đoán nhiễm khuẩn Helicobacter Pylori 14C (máy test HP qua hơi thở)\r\n* Máy xét nghiệm sinh hóa Olympus AU 400 của Nhật\r\n* Máy xét nghiệm huyết học Countender 20+ của Pháp\r\n* Hệ thống máy móc phòng mổ hiện đại nhất với đầy đủ trang thiết bị phục vụ phẫu thuật tiên tiến (máy cắt hút Hummer, dao Plasma, dao điện cao tần...)\r\n\r\n![164856-thiet-bi-hong-phat.png](/media/markdown/482107063b-164856-thiet-bi-hong-phat.png) \r\n\r\n## VỊ TRÍ\r\n\r\n----------\r\n\r\nBệnh viện ngay gần ngã ba Khâm Thiên - Lê Duẩn, cách Ga Hà Nội khoảng 400m về hướng đường Giải Phóng\r\n\r\n![165409-vi-tri-bv-hong-phat.png](/media/markdown/384b383c00-165409-vi-tri-bv-hong-phat.png)', 'avatars_clinic/165735-logo-hong-phat.png', 'cover_photos_clinic/172230benh-vien-hong-phat.jpg', '2022-11-13 02:57:12.236609', '2022-11-20 04:20:49.089747');

-- --------------------------------------------------------

--
-- Dumping data for table `specialists`
--

INSERT INTO `specialists` (`id`, `name`, `description`, `avatar`, `created_at`, `updated_at`) VALUES
(1, 'Da liễu', '#### Bác sĩ Chuyên khoa Da liễu\r\nBookingCare cung cấp thông tin và lịch khám của các bác sĩ chuyên khoa da liễu giỏi tại Hà Nội.\r\nCác chuyên gia có quá trình đào tạo bài bản, kinh nghiệm công tác tại các bệnh viện lớn tại Hà Nội như: Bệnh viện Da liễu Trung ương, Bệnh viện Da liễu Hà Nội.\r\n\r\n#### Khám và điều trị\r\n\r\n* Bệnh vẩy nến, Da khô, Ngứa da\r\n* Rám tàn nhang\r\n* Mụn cóc sinh dục\r\n* Nấm cơ thể, Nấm da đầu\r\n* Nấm móng tay, móng chân\r\n* Rụng tóc, hói đầu\r\n* Viêm da dị ứng, Viêm da tiếp xúc, Viêm da tiết bã\r\n* Viêm nang lông\r\n* Xơ cứng bì\r\n* Zona thần kinh', 'avatars_specialist/175809-da-lieu.jpg', '2022-11-13 03:39:58.148414', '2022-11-19 16:39:40.100091'),
(2, 'Cơ Xương Khớp', '#### Bác sĩ Cơ Xương Khớp giỏi\r\n#### Danh sách các bác sĩ uy tín đầu ngành Cơ Xương Khớp tại Việt Nam:\r\n\r\n* Các chuyên gia có quá trình đào tạo bài bản, nhiều kinh nghiệm\r\n* Các giáo sư, phó giáo sư đang trực tiếp nghiên cứu và giảng dạy tại Đại học Y khoa Hà Nội\r\n* Các bác sĩ đã, đang công tác tại các bệnh viện hàng đầu Khoa Cơ Xương Khớp - Bệnh viện Bạch Mai, Bệnh viện Hữu nghị Việt Đức,Bệnh Viện E.\r\n* Là thành viên hoặc lãnh đạo các tổ chức chuyên môn như: Hiệp hội Cơ Xương Khớp, Hội Thấp khớp học,...\r\n* Được nhà nước công nhận các danh hiệu Thầy thuốc Nhân dân, Thầy thuốc Ưu tú, Bác sĩ Cao cấp,...\r\n\r\n#### Bệnh Cơ Xương Khớp\r\n\r\n* Gout\r\n* Thoái hóa khớp: khớp gối, cột sống thắt lưng, cột sống cổ\r\n* Viêm khớp dạng thấp, Viêm đa khớp, Viêm gân\r\n* Tràn dịch khớp gối, Tràn dịch khớp háng, Tràn dịch khớp khủy, Tràn dịch khớp vai\r\n* Loãng xương, đau nhức xương\r\n* Viêm xương, gai xương\r\n* Viêm cơ, Teo cơ, chứng đau mỏi cơ\r\n* Yếu cơ, Loạn dưỡng cơ\r\n* Các chấn thương về cơ, xương, khớp', 'avatars_specialist/120331-co-xuong-khop.jpg', '2022-11-13 03:47:20.795429', '2022-11-19 16:37:43.059406'),
(3, 'Thần kinh', '#### Bác sĩ Thần kinh giỏi\r\n#### Danh sách các giáo sư, bác sĩ chuyên khoa Thần kinh giỏi:\r\n\r\n* Các giáo sư, bác sĩ uy tín đầu ngành chuyên khoa Thần kinh đã và đang công tác tại các bệnh viện lớn như: Bệnh viện Bạch Mai, Bệnh viện Việt Đức, Bệnh viện 108, Bệnh viện Đại học Y Hà Nội, Bệnh viện 103.\r\n* Là thành viên hoặc lãnh đạo các tổ chức chuyên môn như: Hội Thần kinh Việt Nam, Hội Phẫu thuật Thần kinh...\r\n* Được nhà nước công nhận các danh hiệu Thầy thuốc nhân dân, thầy thuốc ưu tú, bác sĩ cao cấp.\r\n\r\n#### Khám bệnh chuyên khoa Thần kinh\r\n\r\n* Bại Não   \r\n* Đau đầu, chóng mặt, buồn nôn   \r\n* Bệnh Pakison, bệnh tiền đình   \r\n* Bị co cơ, căng dây thần kinh       \r\n* Động kinh, có những cơn vãng ý thức   \r\n* Bị tê bì nửa mặt, chèn dây thần kinh\r\n* Bồn chồn, lo lắng, hồi hộp, chân tay run   \r\n* Có dấu hiệu tăng động    \r\n* Co rút cổ, đau đầu với mặt, chân tay, vã mồ hôi   \r\n* Chấn thương đầu, dây thần kinh', 'avatars_specialist/121042-than-kinh.jpg', '2022-11-13 03:51:59.676736', '2022-11-19 16:36:53.949558'),
(4, 'Tai Mũi Họng', '#### Bác sĩ Chuyên khoa Tai Mũi Họng\r\n#### Danh sách các bác sĩ uy tín đầu ngành tại Việt Nam:\r\n\r\n* Các chuyên gia có quá trình đào tạo bài bản, kinh nghiệm công tác tại các bệnh viện lớn về chuyên ngành Tai Mũi Họng tại Hà Nội\r\n* Các giáo sư, phó giáo sư là giảng viên Đại học Y khoa Hà Nội\r\n* Các bác sĩ đã, đang công tác tại các bệnh viện hàng đầu như Bệnh viện Bạch Mai, Bệnh Viện Tai Mũi Họng Trung ương, Bệnh viện Quân Y 108...\r\n* Được nhà nước công nhận các danh hiệu Thầy thuốc Nhân dân, Thầy thuốc Ưu tú, Bác sĩ cao cấp,...\r\n\r\n#### Các bệnh Tai Mũi Họng\r\n\r\n* Ù tai, đau tai, chảy máu tai\r\n* Thủng màng nhĩ, điếc đột ngột\r\n* Viêm tai giữa\r\n* Amidan, V.A\r\n* Viêm xoang\r\n* Nghẹt mũi\r\n* Hay bị chảy máu cam\r\n* Đau cổ họng, khó nuốt\r\n* Ho kéo dài\r\n* Ngủ ngáy', 'avatars_specialist/121146-tai-mui-hong.jpg', '2022-11-13 03:58:08.662763', '2022-11-19 16:35:40.774150'),
(5, 'Tiêu hoá', '#### Bác sĩ Chuyên khoa Tiêu hóa\r\n#### Danh sách các bác sĩ Tiêu hóa uy tín đầu ngành tại Việt Nam:\r\n\r\n* Các chuyên gia có quá trình đào tạo bài bản, kinh nghiệm công tác tại các bệnh viện lớn về chuyên ngành Tiêu hóa tại Hà Nội\r\n* Các giáo sư, phó giáo sư là giảng viên Đại học Y khoa Hà Nội\r\n* Các bác sĩ đã, đang công tác tại các bệnh viện hàng đầu như Bệnh viện Bạch Mai, Bệnh Viện Việt Đức, Bệnh Viện Nhi Trung ương, Bệnh viện Y học Cổ truyền Việt Nam...\r\n* Được nhà nước công nhận các danh hiệu Thầy thuốc nhân dân, thầy thuốc ưu tú, bác sĩ cao cấp,...\r\n\r\n#### Tư vấn, khám và điều trị các Bệnh Tiêu hóa\r\n\r\n* Ăn uống kém, không ngon\r\n* Rối loạn tiêu hóa, táo bón, trĩ\r\n* Nhiễm vi khuẩn HP (Helicobacter pylori)\r\n* Nội soi dạ dày, đại tràng, tiêu hóa\r\n* Buồn nôn, chướng bụng, đầy bụng ợ chua, đầy hơi\r\n* Co thắt thực quản, Hội chứng ruột kích thích\r\n* Đau bụng, dạ dày, đại tràng, thượng vị\r\n* Viêm đại tràng, dạ dày, tá tràng\r\n* Ung thư dạ dày, U nang tuyến tụy\r\n* Bệnh lý về gan, mật', 'avatars_specialist/120933-tieu-hoa.jpg', '2022-11-13 04:04:52.102135', '2022-11-19 16:34:48.644497'),
(6, 'Vô sinh - Hiếm muộn', '#### Bác sĩ Vô sinh - Hiếm muộn giỏi\r\n#### Danh sách các bác sĩ uy tín về Vô sinh - Hiếm muộn:\r\n\r\n* Các chuyên gia có quá trình đào tạo bài bản, nhiều kinh nghiệm\r\n* Các bác sĩ đã, đang công tác tại các bệnh viện hàng đầu Khoa Vô sinh -  Hiếm muộn Bệnh viện Chuyên khoa Nam học và Hiếm muộn Hà Nội, Bệnh viện Chuyên khoa Nam học và Hiếm muộn Việt - Bỉ, Trung tâm Hỗ trợ sinh sản IVF Hồng Ngọc, ...\r\n\r\n#### Vô sinh - Hiếm muộn\r\n\r\n* Khám, điều trị, phẫu thuật các bệnh lý vô sinh cho cả Nam và Nữ.\r\n* Kích thích rụng trứng bằng phác đồ chuẩn, hiện đại, hiệu quả cao nhất.\r\n* Làm thụ thai nhân tạo (IUI) \r\n* Thụ tinh ống nghiệm (IVF, ICSI)\r\n* Ngân hàng tinh trùng (Sperm bank),ngân hàng phôi sẵn sàng cung cấp cho người có nhu cầu\r\n* Bơm tinh trùng vào buồng tử cung (IUI)\r\n* Thụ tinh ống nghiệm kích trứng tối thiểu (Mini IVF) và chu kỳ tự nhiên\r\n* Lựa chọn tinh trùng sống bằng máy laser (LAISS)\r\n* Chọn tinh trùng bằng từ trường (MACS)\r\n* Vi phẫu lấy tinh trùng ở mào tinh (MESA)\r\n* Lấy tinh trùng bằng chọc mào tinh qua da (PESA)\r\n* Lấy tinh trùng từ tinh hoàn bằng phẫu thuật xẻ tinh hoàn (TESE)\r\n* Sàng lọc tinh trùng bằng dòng vi dịch (MFSS)\r\n* Chẩn đoán và sàng lọc di truyền tiền làm tổ (PGD/ PGS)', 'avatars_specialist/150017-vo-sinh-hiem-muon1.jpg', '2022-11-13 04:10:08.617174', '2022-11-19 16:33:53.921895'),
(7, 'Ung bướu', '#### Bác sĩ Ung bướu giỏi\r\n#### Danh sách các bác sĩ uy tín đầu ngành Ung bướu tại Việt Nam:\r\n\r\n* Các chuyên gia có quá trình đào tạo bài bản, nhiều kinh nghiệm\r\n* Các bác sĩ đã, đang công tác tại các bệnh viện hàng đầu Khoa Ung bướu - Bệnh viện K, Bệnh viện Hữu nghị Việt Đức, Bệnh viện Ung bướu Hưng Việt,...\r\n\r\n#### Bệnh Ung bướu\r\n\r\n* Ung thư gan\r\n* Ung thư phổi\r\n* Ung thư tuỵ\r\n* Ung thư dạ dày, đại tràng\r\n* Ung thư vú\r\n* Ung thư tuyến giáp', 'avatars_specialist/195611-ung-buou.jpg', '2022-11-13 04:11:25.608354', '2022-11-19 16:32:04.226042'),
(8, 'Tim mạch', '#### Bác sĩ tim mạch giỏi\r\n#### Danh dách các bác sĩ tim mạch uy tín đầu ngành tại Việt Nam:\r\n\r\n* Các chuyên gia được đào tạo bài bản về chuyên ngành Tim mạch tại các trường đại học trong nước và quốc tế.\r\n* Các giáo sư, phó giáo sư nghiên cứu và giảng dạy tại Đại học Y Hà Nội\r\n* Các bác sĩ đã, đang công tác tại các bệnh viện hàng đầu như Viện Tim Mạch Quốc Gia, Bệnh viện Bạch Mai, Bệnh viện Việt Đức, Bệnh Viện E, Bệnh Viện Tim Hà Nội\r\n* Là thành viên hoặc lãnh đạo các tổ chức chuyên môn như: Hiệp hội Tim Mạch Việt Nam\r\n* Đạt danh hiệu Thầy thuốc Nhân dân, Thầy thuốc Ưu tú, Bác sĩ Cao cấp,...\r\n\r\n#### Khám tư vấn tim mạch\r\n\r\n* Khó thở, Đau ngực, đau tim\r\n* Tăng huyết áp, hạ huyết áp\r\n* Rối loạn mỡ máu, cao huyết áp, chóng mặt\r\n* Bệnh van tim (Hẹp hở van tim), Hẹp động mạch chủ\r\n* Cảm giác hồi hộp, tim đập nhanh   \r\n* Tim bẩm sinh, có tiền sử bệnh tim to, tiền sử tai biến   \r\n* Đã đặt stent tim, nong động mạch vành\r\n* Giãn tĩnh mạch chân', 'avatars_specialist/120741-tim-mach.jpg', '2022-11-13 04:14:02.169478', '2022-11-19 16:31:10.953265'),
(9, 'Sức khoẻ tâm thần', '#### Bác sĩ về Sức khỏe Tâm thần giỏi\r\n#### Danh sách các giáo sư, bác sĩ chuyên khoa Sức khỏe tâm thần giỏi:\r\n\r\n* Các giáo sư, bác sĩ uy tín đầu ngành chuyên khoa Sức khỏe tâm thần đã và đang công tác tại các bệnh viện lớn như: Bệnh viện Tâm thần Trung ương, Bệnh viện Chợ Rẫy, Bệnh viện Lão khoa...\r\n* Được nhà nước công nhận các danh hiệu Thầy thuốc nhân dân, thầy thuốc ưu tú, bác sĩ cao cấp.\r\n\r\n#### Bác sĩ khám -Tư vấn - Điều trị\r\n\r\n* Mất ngủ, Rối loạn giấc ngủ\r\n* Trầm cảm, Căng thẳng, stress\r\n* Tâm thần phân liệt, Bệnh hoang tưởng\r\n* Rối loạn cảm xúc , Rối loạn căng thẳng sau chấn thương tâm lý \r\n* Rối loạn lo âu, Rối loạn lưỡng cực, Rối loạn nhân cách\r\n* Tư vấn và tạo điều kiện cho bệnh nhân tái thích ứng xã hội\r\n\r\n#### Một số triệu chứng, biểu hiện\r\n\r\n* Ảo giác, Hoang tưởng, Nói cười một mình\r\n* Bi quan, Bồn chồn, Buồn rầu, Hoảng hốt\r\n* Khó tập trung tâm trí, Nhầm lẫn tư duy\r\n* Lo âu, Lo lắng\r\n* Rối loạn giấc ngủ\r\n* Sợ hãi, Sợ một mình, Sợ nơi đông người\r\n* Xa lánh mọi người, Ý nghĩ kì lạ', 'avatars_specialist/182940-suc-khoe-tam-than.jpg', '2022-11-14 02:37:50.607139', '2022-11-19 16:29:48.538645');

-- --------------------------------------------------------

--
-- Dumping data for table `specialists_clinics`
--

INSERT INTO `clinics_specialists` (`id`, `specialist_id`, `clinic_id`) VALUES
(4, 1, 6),
(1, 1, 9),
(2, 1, 10),
(3, 1, 11),
(5, 2, 1),
(6, 2, 2),
(7, 2, 3),
(8, 2, 6),
(9, 2, 11),
(10, 3, 1),
(11, 3, 2),
(12, 3, 5),
(13, 3, 8),
(14, 3, 11),
(15, 4, 1),
(16, 4, 2),
(17, 4, 3),
(18, 4, 5),
(19, 4, 6),
(20, 5, 1),
(21, 5, 2),
(22, 5, 3),
(23, 5, 5),
(24, 5, 6),
(25, 5, 11),
(26, 6, 7),
(27, 7, 4),
(28, 7, 5),
(30, 8, 1),
(31, 8, 3),
(32, 8, 6),
(29, 8, 11),
(33, 9, 3),
(34, 9, 8);

-- --------------------------------------------------------

--
-- Dumping data for table `details_doctors`
--

INSERT INTO `details_doctors` (`id`, `descriptions`, `background`, `examination_price_currency`, `examination_price`, `examination_price_note`, `created_at`, `updated_at`, `clinic_id`, `degree_id`, `doctor_id`) VALUES
(1, 'Trưởng Khoa Dinh Dưỡng bệnh viện Da Liễu TP.HCM\r\nNguyên Phó trưởng khoa Lâm sàng 1, Bệnh viện Da Liễu TPHCM\r\nBác sĩ Hương có hơn 20 năm kinh nghiệm trong khám và điều trị bệnh lý da liễu\r\nBác sĩ nhận khám mọi độ tuổi', '### Bác sĩ chuyên khoa II Trần Thị Hoài Hương\r\n\r\n* Trưởng Khoa Dinh Dưỡng bệnh viện Da Liễu TP. HCM\r\n* Bác sĩ Hương có hơn 20 năm kinh nghiệm trong khám và điều trị bệnh lý da liễu\r\n* Bác sĩ nhận khám mọi độ tuổi\r\n\r\n### Quá trình công tác\r\n* Trưởng khoa Dinh Dưỡng, Bệnh viện Da Liễu TP.HCM\r\n* Nguyên Phó trưởng khoa Lâm sàng 1, Bệnh viện Da Liễu TP.HCM\r\n* Hiện là Bác sĩ Da liễu, Phòng khám Da liễu Táo Đỏ\r\n* Bác sĩ chuyên khoa da liễu, thẩm mỹ da Bệnh Viện Da Liễu TP.HCM\r\n\r\n### Quá trình đào tạo\r\n* Tốt nghiệp Bác sĩ Chuyên khoa II, chuyên ngành Da liễu, Đại học Y dược TP.HCM\r\n* Tốt nghiệp Bác sĩ Chuyên khoa I, chuyên ngành Da liễu, Đại học Y dược TP.HCM\r\n* Tốt nghiệp Bác sĩ Đa khoa, Đại học Y dược TP.HCM\r\n* Tham gia lớp Sơ bộ DInh dưỡng, Đại học Y khoa Phạm Ngọc Thạch\r\n* Thành viên các Hội khoa học, tổ chức chuyên môn\r\n* Hội viên chi hội Da Liễu Hồ Chí Minh\r\n* Hội viên Hội Da Liễu Việt Nam\r\n\r\n### Khám và điều trị\r\n#### Bác sĩ khám và điều trị:\r\n\r\n* Mụn trứng cá: mụn viêm, bọc, nang, mụn đầu trắng, đâu đen\r\n* Nám, sạm da: nám, sạm da mặt\r\n* Rụng tóc, da dầu: mụn trứng cá, sẹo lồi, sẹo thâm, sẹo mụn\r\n* Mề đay: tóc gàu, vảy, rụng tóc từng phần, lan tỏa\r\n* Viêm da cơ địa: mảng da đỏ, ngứa nhiều, từng cơn\r\n* Viêm da dị ứng: mẩn đỏ da, ngứa, lan tỏa\r\n* Thủy đậu: mụn nước, ngứa, kèm sốt nhẹ, mệt mỏi\r\n* Zona: mang mụn nước, 1 bên người, đau nhức\r\n* Da nhờn, lỗ chân lông to\r\n* Vảy nến: mảng đổ da, tróc vảy, có thể toàn thân\r\n* Ghẻ ngứa: ngứa về đêm, vùng nếp, kẽ ngón tay, ngón chân\r\n* Rạn da: da đùi, da rạn teo, bụng, nếp bẹn, nách, lưng\r\n* Lão hóa da: da đổi màu, nhão, xệ, nến nhăn, sần\r\n* Da đồi mồi: đốm nâu\r\n* Pemphigus: bóng nước thân mình, niêm mạc\r\n* Lupus ban đỏ: hồng ban cánh bướm mặt, đau nhức mỏi cơ xương khớp\r\n* Xơ cứng bì: da cứng, không đều màu\r\n* Nấm da: da đỏ quằn quện, các vùng da, tóc, nếp da\r\n* Viêm da tiếp xúc: da đỏ, rát, nhạy cảm, tiếp xúc kiến ba khoang\r\n* Viêm da do nhiễm Corticoid, nhạy cảm: da đỏ, giãn mạch, mãng, nhạy cảm, nôi mụn\r\n* Nấm móng', 'VND', 80000.0000, '', '2022-11-14 02:19:43.414955', '2022-11-19 15:45:35.124988', 9, 20, 8),
(2, 'Nguyên Trưởng khoa Cơ xương khớp, Bệnh viện Bạch Mai\r\nChủ tịch Hội Thấp khớp học Việt Nam\r\nGiáo sư đầu ngành với gần 50 năm kinh nghiệm điều trị các bệnh lý liên quan đến Cơ xương khớp\r\nBác sĩ khám cho người bệnh từ 14 tuổi trở lên', '### Giáo sư, Tiến sĩ, Bác sĩ Trần Ngọc Ân\r\n\r\n* Cố vấn chuyên môn chuyên khoa Cơ xương khớp, Bệnh Viện Đa khoa Hồng Phát\r\n* Giáo sư đầu ngành với gần 50 năm kinh nghiệm điều trị các bệnh lý liên quan đến Cơ xương khớp\r\n* Chủ tịch Hội Thấp khớp học Việt Nam\r\n* Nguyên Trưởng khoa Cơ xương khớp, Bệnh viện Bạch Mai \r\n* Nguyên Giám đốc Bệnh viện E\r\n* Nguyên giảng viên cao cấp Đại học Y Hà Nội\r\n* Bác sĩ khám cho người bệnh từ 14 tuổi trở lên\r\n\r\n### Quá trình công tác\r\n\r\n* Nguyên Trưởng khoa Cơ xương khớp, Bệnh viện Bạch Mai\r\n* Giáo sư đào tạo được trên 10 Tiến sĩ, trên 30 Bác sĩ Chuyên khoa cấp II, Thạc sĩ và Bác sĩ * * Nội trú về chuyên ngành thấp khớp\r\n* Chỉ đạo chuyên môn tại Trung tâm Cơ xương khớp, Bệnh viện E (2004-2007)\r\n* Giám đốc Bệnh viện E (1995-2004)\r\n* Phó trưởng khoa – Bí thư chi bộ khoa Y trường Đại học Tây Nguyên (1984)\r\n\r\n### Quá trình đào tạo\r\n\r\n* Một trong các Phó Tiến sĩ đầu tiên bảo vệ luận án Tiến sĩ trong nước tại Trường Đại học Y với đề tài: “Viêm cột sống dính khớp” (1981)\r\n* Tham quan, trao đổi tại Hung-ga-ri (1974)\r\n* Tốt nghiệp bác sĩ trường Đại học Y Hà Nội (1960)\r\n\r\n### Giải thưởng\r\n\r\n* Huân chương Lao động hạng Hai (2007)\r\n* Huân chương Lao động hạng Ba (2001)\r\n\r\n### Sách và các công trình nghiên cứu, báo cáo khoa học\r\n\r\n* Tác giả cuốn sách: Bệnh thấp khớp\r\n* Tham gia biên soạn 3 cuốn sách: Bách khoa thư bệnh học, Bệnh học Nội khoa và Nội khoa cơ sở\r\n* Thành viên các Hội khoa học, tổ chức chuyên môn\r\n* Chủ tịch Hội Thấp khớp học Việt Nam\r\n\r\n### Giáo sư Khám & điều trị\r\n#### Giáo sư chuyên khám, điều trị các bệnh chuyên khoa Cơ xương khớp:\r\n\r\n* Viêm khớp dạng thấp\r\n* Bệnh Gút cấp và mạn tính\r\n* Viêm cột sống dính khớp\r\n* Thoái hóa khớp, cột sống cổ, cột sống thắt lưng\r\n* Đau thần kinh tọa, thoát vị đĩa đệm\r\n* Viêm quanh khớp vai và các điểm bám gân khác\r\n* Bệnh loãng xương\r\n* Bệnh đau nhức xương khớp\r\n* Lupus ban đỏ hệ thống\r\n* Nội soi khớp gối, khớp vai\r\n\r\n----------\r\n\r\n### Dịch vụ liên quan\r\n\r\n1. Máy X quang cao tần \r\n2. Đo loãng xương thực hiện trên máy CT (cắt lớp vi tính) của Siemens chuẩn, đảm bảo sự chính xác của kết quả\r\n3. Máy siêu âm 4D thế hệ mới của Siemens', 'VND', 500000.0000, 'Giá khám chưa bao gồm chi phí chụp chiếu, xét nghiệm', '2022-11-14 02:24:16.415952', '2022-11-19 15:52:16.920770', 11, 24, 9),
(3, 'Chuyên gia trên 35 năm kinh nghiệm trong lĩnh vực bệnh lý Tiêu hóa\r\nChuyên gia đầu ngành trong lĩnh vực bệnh lý Tiêu hóa\r\nNguyên Giám đốc Bệnh viện Đại học Y Hà Nội\r\nBác sĩ khám cho người bệnh từ 3 tuổi trở lên', '### Giáo sư, Tiến sĩ, Bác sĩ Hà Văn Quyết\r\n\r\n* Giáo sư, Tiến sỹ, Bác sĩ chuyên khoa Ngoại Tiêu hóa\r\n* Chuyên gia đầu ngành trong lĩnh vực bệnh lý Tiêu hóa\r\n* Kinh nghiệm làm việc trên 35 năm trong lĩnh vực bệnh lý Tiêu hóa\r\n* Chuyên ngành Ngoại – Phẫu thuật Nội soi Tiêu hóa, Ổ bụng & các bệnh lý hậu môn, trực tràng.\r\n* Bác sĩ Nội trú Bệnh viện Việt Đức \r\n* Nguyên Chủ nhiệm Bộ môn Ngoại - Đại học Y Hà Nội \r\n* Nguyên Giám đốc Bệnh viện Đại học Y Hà Nội\r\n* Nguyên Phó Giám đốc Bệnh viện Việt Đức.\r\n* Bác sĩ khám cho người bệnh từ 3 tuổi trở lên\r\n\r\n### Quá trình Đào tạo\r\n\r\n* Tốt nghiệp Bác sĩ Đa khoa, Đại học Y Hà Nội.\r\n* Bác sĩ Nội trú tại các bệnh viện ở Paris, Cộng hòa Pháp\r\n* Thực tập sinh khoa Tiêu hóa trường Đại học Tokai, Nhật Bản\r\n* Tu nghiệp về chuyên khoa Tiêu hóa tại Mỹ, Singapore, Hàn Quốc \r\n\r\n### Sách và các công trình nghiên cứu, báo cáo khoa học\r\n\r\n* Chủ biên nhiều bộ sách giáo khoa về Ngoại khoa phẫu thuật tiêu hóa và chuyên sâu về tiêu hóa.\r\n* Tham gia các đề tài nghiên cứu khoa học về ung thư dạ dày, đại trực tràng; các chủ đề về bệnh lý tụy; các loại phẫu thuật nội soi, nội soi can thiệp; bệnh lý về hậu môn trực tràng. \r\n\r\n### Thành viên các Hội khoa học, tổ chức chuyên môn\r\n\r\n* Nguyên Tổng thư kí Hội Ngoại khoa Việt Nam \r\n* Phó Chủ tịch Hội Khoa học về Hậu môn trực tràng \r\n\r\n### Tham gia các chuyên đề sức khỏe\r\n\r\n* Ban biên tập Tạp chí Y học thực hành\r\n* Ban biên tập Tạp chí Ngoại khoa\r\n* Ban biên tập Tạp chí Hậu môn Trực tràng\r\n\r\n### Giáo sư Khám, điều trị các bệnh \r\n\r\n* Giáo sư nhận khám, điều trị các bệnh lý khó về Tiêu hóa, hậu môn, trực tràng, gan mật.\r\n* Trực tiếp tiến hành Nội soi tiêu hóa, dạ dày, đại tràng\r\n* Khám, Nội soi, Xét nghiệm sàng lọc ung thư đại trực tràng\r\n* Khám, Nội soi, Xét nghiệm sàng lọc ung thư dạ dày\r\n* Khám, Nội soi, Xét nghiệm sàng lọc bệnh lý ung thư đường tiêu hóa\r\n* Khám, Nội soi, tư vấn điều trị bệnh lý Hậu môn, Bệnh Trĩ Nội, Trĩ Ngoại.\r\n\r\n### Khám và điều trị các bệnh lý dạ dày\r\n\r\n* Gắp dị vật đường tiêu hóa\r\n* Đau dạ dày\r\n* Chảy máu dạ dày \r\n* Đau thượng vị \r\n* Viêm dạ dày\r\n* Loét dạ dày tá tràng\r\n* Nhiễm Helicobacter pylori dạ dày (HP)\r\n* Trào ngược dạ dày thực quản (Gerd)\r\n* Tắc ruột \r\n* Polyp dạ dày \r\n* Chảy máu dạ dày \r\n* Viêm dạ dày ruột Virus\r\n* Viêm ruột thừa\r\n* Polyp dạ dày\r\n* Ung thư dạ dày\r\n* Táo bón\r\n* Khó nuốt\r\n* Khó tiêu\r\n* Ợ nóng, Ợ chua\r\n* Táo bón\r\n\r\n### Bệnh lý đại tràng, trực tràng, hậu môn \r\n\r\n* Hội chứng ruột kích thích (viêm đại tràng co thắt)\r\n* Viêm đại tràng\r\n* Viêm đại tràng màng giả\r\n* Viêm loét đại tràng\r\n* Bệnh trĩ, trĩ chảy máu, rò hậu môn\r\n* Rò hậu môn, ngứa hậu môn\r\n* Nứt kẽ hậu môn, đại tiện ra máu, đại tiện khó\r\n* Apxe hậu môn\r\n* Đi ngoài ra máu \r\n\r\n### Khám và điều trị các bệnh lý về gan, mật \r\n\r\n* Viêm túi mật, sỏi mật \r\n* Viêm tụy\r\n* Viêm xơ đường mật\r\n* Viêm xơ gan do rượu\r\n* Xơ gan\r\n* U gan\r\n\r\n### Nội soi tiêu hóa \r\n\r\n* Gắp dị vật đường tiêu hóa \r\n* Khám, Nội soi, tư vấn điều trị bệnh lý Hậu môn, Bệnh Trĩ Nội, Trĩ Ngoại\r\n* Khám, Nội soi, Xét nghiệm sàng lọc ung thư đại trực tràng\r\n* Khám, Nội soi, Xét nghiệm sàng lọc bệnh lý ung thư đường tiêu hóa\r\n* Khám, nội soi dạ dày \r\n* Nội soi dạ dày (có gây mê)\r\n* Nội soi đại tràng (có gây mê)\r\n* Nội soi cắt polyp dạ dày\r\n* Nội soi cắt polyp đại trực tràng  \r\n* Phẫu thuật nội soi cắt u dưới niêm mạc dạ dày – tá tràng, đại tràng\r\n* Phẫu thuật nội soi trào ngược dạ dày thực quản', 'VND', 500000.0000, 'Giá khám chưa bao gồm chi phí chụp chiếu, xét nghiệm.', '2022-11-14 02:26:00.918930', '2022-11-19 15:58:27.448742', 5, 24, 7),
(4, 'Nguyên Trưởng phòng chỉ đạo tuyến tại Bệnh viện Da liễu Trung ương\r\nBác sĩ từng công tác tại Bệnh viện Da liễu Trung ương\r\nNguyên Tổng Thư ký Hiệp hội Da liễu Việt Nam', '### Phó Giáo sư, Tiến sĩ, Bác sĩ Cao cấp Nguyễn Duy Hưng\r\n\r\n* Phó giáo sư, Tiến sĩ, Bác sĩ cao cấp chuyên khoa Da liễu\r\n* Bác sĩ từng công tác tại Bệnh viện Da liễu Trung ương\r\n* Nguyên Trưởng phòng chỉ đạo tuyến tại Bệnh viện Da liễu Trung ương\r\n* Đạt chứng chỉ Diploma về Da liễu tại Viện da liễu Băng Cốc - Thái Lan\r\n* Bác sĩ thường xuyên tham gia các Hội thảo, Hội nghị Quốc tế về Da liễu\r\n* Hội viên của Hội Da liễu Đông Nam Á, Châu Á và Thế giới\r\n* Giảng viên bộ môn Da liễu tại Đại Học Y Hà Nội\r\n* Trưởng Bộ môn Da liễu, Trường Đại học Kinh doanh và Công nghệ\r\n* Tốt nghiệp Đại học Y Hà Nội (1977)\r\n* Nguyên Tổng Thư ký Hiệp hội Da liễu Việt Nam\r\n\r\n### Phó Giáo sư khám và điều trị\r\n#### Các bệnh lý về chuyên sâu về da liễu người lớn và trẻ em\r\n\r\n* Trứng cá thông thường thanh thiếu niên, người lớn, trứng cá do thuốc, mỹ phẩm, do bôi corticord, các thể bệnh trứng cá nặng, trứng cá đỏ (rosacea)\r\n* Điều trị da phục hồi da tổn hại do trứng cá, sẹo trứng cá\r\n* Các bệnh lý da mặt: viêm da dị ứng, tổn hại da do sử dụng mỹ phẩm, do corticord, lão hóa da\r\n* Nám da, tàn nhang, sạm da, các bệnh da tăng sắc tố sau viêm, sau trứng cá, do mỹ phẩm\r\n* Viêm da cơ địa trẻ em và người lớn\r\n* Viêm da dị ứng, viêm da tiếp xúc, viêm da dầu\r\n* Tổ đỉa\r\n* Mày đay\r\n* Bạch biến\r\n* Vảy nến\r\n* Rụng tóc\r\n* Các bệnh da do nhiễm khuẩn: Viêm nang lông, chốc, nhọt, viêm da mủ\r\n* Zona, Thủy đậu, Herpes\r\n* Ghẻ\r\n* Các bênh da do nấm: Nấm nông da, nấm da đầu, nấm móng tay, móng chân, lang ben, nấm men niêm mạc\r\n* Viêm mao mạch dị ứng\r\n* Các bệnh da: Có bọng nước, bệnh vẩy phấn hồng, á vẩy nến, liken phẳng, các bệnh da dị ứng thuốc\r\n* U lành tính của da: Đồi mồi, u cổ tuyến mồ hôi, u mềm lây, u mềm treo, u tuyến bã\r\n* Một số bệnh lông - tóc - móng\r\n* Chăm sóc da (skincare)  cho viêm da mặt, trứng cá, liệu trình trị nám, lăn kim, huyết tương giàu tiểu cầu, trị sẹo trứng cá, laser, plasma trị u lành da, nám, đồi mồi\r\n* Tiêm tái sinh nang tóc\r\n\r\n**Và các bệnh lý chuyên sâu khác về chuyên khoa Da liễu**', 'VND', 300000.0000, 'Được ưu tiên khám trước khi đật khám qua BookingCare. Giá khám cho người nước ngoài là 30 USD.', '2022-11-14 02:27:47.302418', '2022-11-19 16:03:09.410213', 6, 23, 2),
(5, 'Nguyên Trưởng khoa Tai mũi họng trẻ em, Bệnh viện Tai Mũi Họng Trung ương\r\nTrên 25 năm công tác tại Bệnh viện Tai mũi họng Trung ương\r\nChuyên khám và điều trị các bệnh lý Tai Mũi Họng người lớn và trẻ em', '### Phó Giáo sư, Tiến sĩ, Bác sĩ Nguyễn Thị Hoài An\r\n\r\n* Phó Giáo sư, Tiến sĩ chuyên ngành Tai Mũi Họng\r\n* Nguyên Trưởng khoa Tai Mũi Họng trẻ em, Bệnh viện Tai Mũi Họng Trung ương\r\n* Trên 25 năm công tác tại Bệnh viện Tai Mũi Họng Trung ương\r\n* Bác sĩ Nội trú chuyên ngành Tai Mũi Họng\r\n* Bác sĩ đã từng tu nghiệp Cộng hòa Pháp về Tai Mũi Họng\r\n\r\n### Khám & điều trị\r\n* Chuyên khám và điều trị các bệnh lý Tai Mũi Họng người lớn\r\n* Chuyên khám và điều trị các bệnh lý Tai Mũi Họng trẻ em\r\n* Nội soi Tai Mũi Họng\r\n* Thực hiện các qui trình kỹ thuật Tai Mũi Họng\r\n\r\n#### Các bệnh về tai\r\n\r\n* Ù tai, nghe kém, điếc đột ngột\r\n* Chẩy mủ tai, viêm tai giữa cấp, mạn\r\n* Vá màng nhĩ nội soi\r\n* Phát hiện sớm và điều trị tốt bệnh viêm tai giữa màng nhĩ đóng kín, không chẩy mủ ra ngoài\r\n\r\n#### Các bệnh mũi xoang\r\n\r\n* Viêm mũi xoang dị ứng, viêm mũi vận mạch\r\n* Viêm mũi ngạt tắc mũi mạn tính\r\n* Viêm đa xoang mạn lâu ngày khó khỏi, polyp mũi xoang\r\n* Nấm mũi xoang\r\n* Đau đầu mạn tính do mũi xoang…\r\n\r\n#### Các bệnh về họng thanh quản\r\n\r\n* Ở trẻ em viêm VA, viêm mũi họng mạn tính\r\n* Các biến chứng của viêm VA (như viêm tai thanh dịch, viêm tai giữa cấp, viêm thanh khí phế quản….)\r\n* Viêm amiđan cấp, mạn\r\n* Nạo V.A\r\n* Cắt Amidan\r\n\r\n----------\r\n\r\n### Dịch vụ liên quan\r\n\r\n1. Máy nội soi Tai mũi họng Medtech\r\n2. Máy đo nhĩ lượng\r\n3. Máy đo thính lực\r\n4. Máy cắt nạo xoang XPS Micro - SN2704 của Mỹ\r\n5. Máy CT (cắt lớp vi tính) 2 lát cắt', 'VND', 400000.0000, 'Đã bao gồm nội soi Tai Mũi họng', '2022-11-14 02:30:47.888472', '2022-11-19 16:08:10.255110', 1, 23, 3),
(6, 'Bác sĩ đầu ngành chuyên khoa Tâm thần, tâm bệnh\r\nNguyên Viện trưởng Viện Sức khỏe Tâm thần quốc gia, Bệnh viện Bạch Mai\r\nNguyên Phó Chủ nhiệm Bộ môn Tâm thần trường Đại học Y Hà Nội', '### PGS, TS, Giảng viên cao cấp Trần Hữu Bình\r\n\r\n* Danh hiệu Thầy thuốc Nhân dân\r\n* Bác sĩ đầu ngành chuyên khoa Tâm thần, tâm bệnh\r\n* Nguyên Viện trưởng Viện Sức khoẻ Tâm thần quốc gia, Bệnh viện Bạch Mai\r\n* Nguyên Phó Chủ nhiệm Bộ môn Tâm thần, Trường Đại học Y Hà Nội\r\n\r\n### Quá trình công tác\r\n\r\n* PGS.TS.BS Khám bệnh tại Trung tâm Y khoa số 1, Bệnh viện Đại học Y Hà Nội\r\n* Chủ trì Hội chẩn lâm sàng bệnh nhân Tâm thần tại Viện Sức khỏe Tâm thần, Bệnh viện Bạch Mai\r\n* Đào tạo (giảng dạy, hướng dẫn, chấm luận án) Tiến sĩ, Thạc sĩ, Bác sĩ chuyên khoa II, Bác sĩ nội trú chuyên ngành Tâm thần, Y tế công cộng của Trường Đại học Y Hà Nội\r\n* Viện trưởng Viện Sức khoẻ Tâm thần , Bệnh viện Bạch Mai (2008 – 2011)\r\n* Trưởng khoa điều trị Nghiện chất Viện Sức khoẻ Tâm thần, Bệnh viện Bạch Mai (2010 – 2014)\r\n* Trưởng khoa điều trị loạn thần Nam Viện Sức khoẻ Tâm thần , Bệnh viện Bạch Mai (1995 – 2008)\r\n* Phó Chủ nhiệm Bộ môn Tâm thần, Trường Đại học Y Hà Nội (1995 - 2014)\r\n* Bác sĩ – cán bộ giảng dạy, Bộ môn Tâm thầnTrường Đại học Y Hà Nội (1978 - 1994)\r\n\r\n### Quá trình đào tạo\r\n\r\n* Giảng viên cao cấp chuyên ngành Tâm thần, Bộ Giáo dục và đào tạo (2014)\r\n* Phó Giáo sư chuyên ngành Tâm thần, Bộ Giáo dục và đào tạo (2007)\r\n* Tiến sĩ chuyên ngành Tâm thần, Trường Đại học Y Hà Nội (2003)\r\n\r\n### Sách và các công trình nghiên cứu khoa học\r\n\r\n* Tham gia biên soạn chủ biên và đồng chủ biên 16 đầu sách là giáo trình giảng dạy, sách chuyên khảo chuyên ngành Tâm thần học và y học nói chung (2003 - 2018)\r\n* Trên 50 công trình nghiên cứu khoa học đăng tải trong các tạp chí khoa học có uy tín (Tạp chí Nghiên cứu khoa học Đại học Y Hà Nội, tạp chí Tổng hội Y Dược học Việt Nam, tạp chí Y học thực hành Bộ Y tế, tạp chí Hội Tâm thần học Việt Nam). (1992 - 2020)\r\n* Hướng dẫn bảo vệ thành công 31 luận án Tiến sĩ, luận văn Thạc sĩ, Bác sĩ chuyên khoa cấp 2, Bác sĩ nội trú Bệnh viện, Y tế công cộng Đại học Y Hà Nội (2003 - 2020)\r\n\r\n### Thành viên các hội khoa học, tổ chức chuyên môn\r\n\r\n* Ban chấp hành Hội Tâm thần học Việt Nam\r\n* Phó Chủ tịch Hội đồng khoa học Viện Nghiên cứu Điều trị các bệnh hiểm nghèo\r\n\r\n### Khám và điều trị\r\n#### Bác sĩ nhận khám các vấn đề:\r\n\r\n* Các rối loạn giấc ngủ: Mất ngủ, ngủ nhiều, ác mộng, hoảng sợ khi ngủ, rối loạn nhịp thức ngủ, đi trong giấc ngủ (chứng miên hành).\r\n\r\n#### Các rối loạn liên quan đến Stress và dạng cơ thể:\r\n\r\n* Đau dai dẳng các loại: Đau đầu, đau ngực, đau bụng, đau mọi vị trí không xác định trong cơ thể.\r\n* Rối loạn thần kinh thực vật\r\n* Rối loạn hệ thống tim mạch: Tim đập nhanh, hồi hộp đánh trống ngực, cảm giác đè nặng ngực, nghẹt thở, huyết áp dao động.\r\n* Rối loạn dạ dày - ruột: đau bụng, đầy hơi, trào ngược dạ dày, trào ngược thực quản.\r\n* Rối loạn hệ thống hô hấp: Tức ngực, khó thở, đoản hơi.\r\n* Rối loạn hệ thống tiết niệu - sinh dục: Đái nhiều, đái nóng, đái dắt; giảm ham muốn tình dục, nam rối loạn cương, nữ rối loạn kinh nguyệt.\r\n\r\n#### Rối loạn sự thích ứng:\r\n\r\n* Trầm cảm: Buồn chán, mất thích thú, mệt mỏi, vô lực, giảm tập trung chú ý, kém tự tin, nhìn tương lai ảm đạm và bi quan.\r\n* Lo âu, rối loạn cảm xúc và hành vi,…\r\n* Các rối loạn cảm xúc: Trầm cảm, hưng cảm, cảm xúc dao động, …\r\n* Các rối loạn tâm ký nặng: Hoang tưởng, Ảo giác, rối loạn phân liệt,…\r\n* Trẻ em: Tự kỷ, tăng động giảm chú ý, tíc, đái dầm, ỉa đùn, nói lắp, trầm cảm, rối loạn cảm xúc và hành vi, rối loạn vận động định hình.\r\n* Người già: Trầm cảm, sa sút trí tuệ, lú lẫn, hoang tưởng, ảo giác.\r\n* Các vấn đề tâm lý ở phụ nữ các giai đoạn: Dậy thì, mang thai, sinh đẻ, mãn kinh,…\r\n* Rối loạn ăn uống: Chán ăn, ăn vô độ, béo phì.\r\n* Rối loạn tình dục: Mất ham muốn, xuất tinh sớm, bất lực, lãnh cảm, đau khi giao hợp, rối loạn phân định giới tính,…\r\n* Các vấn đề về nghiện: Nghiện rượu, ma tuý, Game Online, Internet, …', 'VND', 360000.0000, '', '2022-11-14 02:33:33.373831', '2022-11-19 16:12:10.245879', 8, 23, 5),
(7, 'Trưởng khoa Nội soi - Bệnh viện Tai Mũi Họng Trung Ương (2018 - nay)\r\nGiảng dạy tại Bộ môn Tai Mũi Họng, Khoa Y, trường Đại học Quốc Gia Hà Nội (2018 - nay)', '### Tiến sĩ, Bác sĩ Đào Đình Thi\r\n\r\n* Trưởng khoa Nội soi - Bệnh viện Tai Mũi Họng Trung Ương (2018 - nay)\r\n* Giảng dạy tại Bộ môn Tai Mũi Họng, Khoa Y, trường Đại học Quốc Gia Hà Nội (2018 - nay)\r\n\r\n### Khám & điều trị\r\n\r\n* Khám chuyên khoa Tai Mũi Họng\r\n* Nội soi Tai Mũi Họng\r\n* Chuyên khám và điều trị các bệnh về Tai Mũi Họng cả người lớn và trẻ em\r\n\r\n#### Các bệnh về tai\r\n\r\n* Ù tai, nghe kém, điếc đột ngột\r\n* Chẩy mủ tai, viêm tai giữa cấp, mạn\r\n* Vá màng nhĩ nội soi\r\n* Phát hiện sớm và điều trị tốt bệnh viêm tai giữa màng nhĩ đóng kín, không chẩy mủ ra ngoài\r\n\r\n#### Các bệnh mũi xoang\r\n\r\n* Viêm mũi xoang dị ứng, viêm mũi vận mạch\r\n* Viêm mũi ngạt tắc mũi mạn tính\r\n* Viêm đa xoang mạn lâu ngày khó khỏi, polyp mũi xoang\r\n* Nấm mũi xoang\r\n* Đau đầu mạn tính do mũi xoang…\r\n\r\n#### Các bệnh về họng thanh quản\r\n\r\n* Ở trẻ em viêm VA, viêm mũi họng mạn tính. Đặc biệt những biến chứng của viêm VA (như viêm tai thanh dịch, viêm tai giữa cấp, viêm thanh khí phế quản….)  nạo VA\r\n* Viêm amiđan  cấp, mạn\r\n\r\n#### Khám nội soi Tai mũi họng\r\n\r\n* Bằng khám nội soi, bác sĩ có thể khám, quan sát sâu trong mũi, các khe mũi, hình ảnh rõ nét, trung thực, giúp cho chẩn đoán chính xác, phát hiện sớm các bệnh về tai mũi họng', 'VND', 300000.0000, 'Đã bao gồm nội soi TMH. Giá khám lại (trong vòng 1 tháng): 150.000 VNĐ', '2022-11-14 02:40:08.221697', '2022-11-19 16:14:05.389082', 1, 22, 4),
(8, 'Trưởng khoa Khoa nghiên cứu và ứng dụng công nghệ tế bào gốc - Bệnh viện Da liễu Trung ương', '### Tiến sĩ, Bác sĩ Vũ Thái Hà\r\n\r\n* 16 năm kinh nghiệm trong chuyên ngành da liễu và laser – phẫu thuật trong da liễu\r\n* 10 năm kinh nghiệm nâng cơ, trẻ hóa da mặt bằng chỉ\r\n* 15 năm kinh nghiệm trong điều trị laser và trị liệu ánh sáng cho các tăng sắc tố, trẻ hóa da, sẹo lõm, sẹo lồi.\r\n* 15 năm kinh nghiệm trong điều trị bệnh da liễu như trứng cá, rụng tóc, vảy nến, viêm da cơ địa....\r\n* 10 năm kinh nghiệm trong tạo hình khuôn mặt và trẻ hóa da bằng Filler, botox, 5 năm kinh nghiệm trong liệu pháp mesotherapy điều trị rám má và trẻ hóa da, thon gọn cơ thể\r\n* 16 năm giảng dạy trong chuyên ngành Da liễu\r\n* Kinh nghiệm trong điều trị chống lão hóa bằng RF, HIFU\r\n\r\n### Quá trình công tác\r\n\r\n* Trưởng khoa Khoa nghiên cứu và ứng dụng công nghệ tế bào gốc - Bệnh viện Da liễu Trung ương (2016 - nay)\r\n* Phó trưởng khoa phụ trách Khoa nghiên cứu và ứng dụng công nghệ tế bào gốc - Bệnh viện Da liễu * Trung ương (4/2016 - 6/2016)\r\n* Phó trưởng khoa Phẫu thuật tạo hình và Phục hồi chức năng - Bệnh viện Da liễu Trung ương (7/2015 - 4/2016)\r\n* Phó trường khoa Laser phẫu thuật (D1) - Bệnh viện Da liễu Trung ương (5/2013 - 7/2015)\r\n* Giáo vụ bộ môn Da liễu - Đại học Y Hà Nội (6/2012 - 4/2013)\r\n* Bác sĩ Da liễu tại khoa Laser - phẫu thuật bệnh viện Da liễu Trung ương (từ 1/2013)\r\n* Giảng viện bộ môn da liễu - Trường Đại học Y Hà Nội (từ 1/2013)\r\n\r\n### Quá trình đào tạo\r\n\r\n* Nghiên cứu sinh chuyên ngành Da liễu – Đại học Y Hà Nội (2010 - 2017)\r\n* Thạc sĩ Da liễu – Đại học Y Hà Nội (1999 - 2005)\r\n* Bác sĩ Chuyên khoa cấp I Da liễu – Đại học Y Hà Nội (1999 - 2003)\r\n* Bs nội trú Da liễu – Đại học Y Hà Nội (1999 - 2003)\r\n* Thực tập tại khoa Da liễu Bệnh viện Bichat – Claude Bernard - Paris – Pháp các bệnh da liễu, u lympho, bệnh về tóc, bệnh về móng (2009)\r\n* Thực tập tại khoa Da liễu Bệnh viện Sant Louis – Paris – Pháp bệnh về tóc, u lympho, phương pháp giảng dạy bệnh da liễu (2011)\r\n\r\n### Chứng chỉ chuyên ngành khác\r\n\r\n* Chứng chỉ: Ứng dụng Laser và ánh sáng trong Da liễu do Bệnh Viện Da liễu Trung Ương cấp.\r\n* Chứng nhận đào tạo Laser Revlite, Picosure tại Thái Lan do giáo sư Niwat Polnikorn cấp.\r\n* Chứng nhận đào tạo về Botox - Filler cơ bản và nâng cao trong ngăn ngừa lão hóa khuôn mặt và tạo hình vùng mặt của Trường đại học Y Hà Nội, Trường đại học Y Mahidol Thái Lan, Bệnh viện Việt Đức và các hãng Restylen, Allergan, Pluryal, neuvia, teoxane…\r\n* Chứng nhận đào tạo về căng chỉ Ultra V-lift được cấp bởi giáo sư Kwon Han Jin\r\n* Chứng nhận đào tạo về chemical peel, chăm sóc da do Image Skincare cấp\r\n\r\n### Khám và điều trị\r\n\r\n* Viêm da cơ địa: Tổn thương da khô, ban đỏ kèm theo hiện tượng ngứa\r\n* Viêm da tiếp xúc: Tổn thương vùng bị tiếp xúc, dát đỏ, mụn nước , có thể loét , kèm ngứa\r\n* Viêm da dầu: Các mảng dát màu đỏ hồng, có vảy da trắng mỏng nhờn dính kèm ngứa ở nếp gấp, rãnh mũi má\r\n* Mày đay: Sẩn phù, ngứa, phù mạch, nguyên nhân chủ yếu do dị ứng\r\n* Zona: Ban đỏ, đám mụn nước ,vết loét, cảm giác ngứa rát dọc theo dây thần kinh\r\n* Thủy đậu: Sốt, mụn nước to dịch trong lan toàn thân , sau vỡ vảy tiết, sẹo\r\n* Nấm da: Mảng nổi nhẹ, có hình vòng hoặc bầu dục, có màu đỏ hoặc nâu, tróc vảy và gây ngứa\r\n* U mềm lây: Nốt sẩn nhỏ, lõm trung tâm, rải rác toàn thân, không ngứa, không đau\r\n* Sùi mào gà: Các sần sùi nhỏ li ti sau phát triển nhanh thành mảng có màu hồng nhạt, khu trú ở bộ phận sinh dục, không đau sưng,ngứa\r\n* Giang mai:\r\n    * Săng giang mai: vết trợt nông, không đau ngứa, tự khỏi\r\n    * Đào ban giang mai: vết hồng tươi, không đau ngứa\r\n    * Sẩn, củ, gôm giang mai\r\n* Viêm hạch lan tỏa\r\n* Bớt sắc tố: Nốt, mảng tăng sắc tố khu trú hoặc lan tỏa trên cơ thể, bề mặt phẳng, màu nâu, đen , xanh. Không đau , không ngứa rát.\r\n* Nám da: Dát tăng sắc tố màu nâu, xanh đen đối xứng 2 bên mặt, bằng phẳng, bờ không đều, không teo da, không ngứa.\r\n* Trứng cá: Mụn nhân trắng đen, mụn viêm , mụn nang, mụn bọc\r\n* Sẹo lõm: Tổn thương lõm sâu xuống dưới bề mặt da, màu đậm hoặc cùng màu da, không đau. Sẹo đáy nhọn, sẹo đáy hộp, sẹo đáy tròn\r\n* Sẹo lồi: Tổn thương nổi gồ trên bề mặt da, không đau, màu trùng màu da hoặc đậm hơn\r\n* Lão hóa da: Da bị chảy xệ, trùng nhão không được săn chắc. Nhiều nếp nhăn vùng trán, đuôi mắt, rãnh mũi má\r\n* Rụng tóc: Tóc rụng thành chỏm hoặc nhiều sợi , sợi tóc mỏng xơ dễ gãy', 'VND', 300000.0000, 'Giá khám đã bao gồm soi da', '2022-11-14 02:41:14.458913', '2022-11-19 16:21:51.090417', 10, 22, 6);

-- --------------------------------------------------------

--
-- Dumping data for table `details_doctors_specialists`
--

INSERT INTO `details_doctors_specialists` (`id`, `detailsdoctor_id`, `specialist_id`) VALUES
(2, 1, 1),
(3, 1, 7),
(1, 1, 8),
(5, 2, 2),
(6, 2, 7),
(4, 2, 8),
(8, 3, 5),
(9, 3, 6),
(7, 3, 8),
(11, 4, 1),
(12, 4, 7),
(10, 4, 8),
(13, 5, 4),
(14, 5, 6),
(16, 6, 3),
(15, 6, 9),
(17, 7, 4),
(18, 8, 1);

-- --------------------------------------------------------

--
-- Dumping data for table `schedules`
--

INSERT INTO `schedules` (`id`, `max_number`, `date`, `current_number`, `created_at`, `updated_at`, `doctor_id`, `time_slot_id`) VALUES
(2, 5, '2022-12-04', 1, '2022-12-04 03:29:50.201797', '2022-12-04 15:24:50.308039', 8, 1),
(3, 5, '2022-12-04', 3, '2022-12-04 15:25:17.517075', '2022-12-04 15:25:17.517075', 8, 2),
(4, 5, '2022-12-04', 4, '2022-12-04 15:25:51.494884', '2022-12-04 15:25:51.494884', 8, 5),
(5, 5, '2022-12-05', 2, '2022-12-04 15:26:19.956185', '2022-12-04 15:26:19.956185', 8, 4),
(6, 5, '2022-12-05', 5, '2022-12-04 15:26:43.356732', '2022-12-04 15:26:43.356732', 8, 8),
(7, 5, '2022-12-06', 4, '2022-12-04 15:28:09.984888', '2022-12-04 15:28:09.984888', 8, 9),
(8, 5, '2022-12-05', 3, '2022-12-06 00:35:46.008138', '2022-12-06 00:35:46.008138', 9, 1),
(9, 5, '2022-12-05', 2, '2022-12-06 00:36:00.980357', '2022-12-06 00:36:00.980357', 9, 2),
(10, 5, '2022-12-05', 2, '2022-12-06 00:36:50.353878', '2022-12-06 00:36:50.353878', 9, 5),
(11, 5, '2022-12-06', 2, '2022-12-06 00:37:06.938988', '2022-12-06 00:37:06.938988', 9, 3),
(12, 5, '2022-12-06', 3, '2022-12-06 00:37:18.264139', '2022-12-06 00:37:18.264139', 9, 4),
(13, 5, '2022-12-06', 2, '2022-12-06 00:37:36.465615', '2022-12-06 00:37:36.465615', 9, 1),
(14, 5, '2022-12-05', 2, '2022-12-06 00:37:57.069031', '2022-12-06 00:37:57.069031', 7, 4);

-- --------------------------------------------------------

